,,,,,,,,,,,,,,,,,,,,,,,,,,,,,,,
,,,,,,,,,,,,,,,,,,,,,,,,,,,,,,,
,,,,,,,,,,,,,,,,,,,,,,,,,,,,,,,
,,,,,,,,,,,,,,,,,,,,,,,,,,,,,,,
,,,,United Nations,,,,,,,,,,,,,,,,,,,,,,,,,,,
,,,,Population Division,,,,,,,,,,,,,,,,,,,,,,,,,,,
,,,,Department of Economic and Social Affairs,,,,,,,,,,,,,,,,,,,,,,,,,,,
,,,,,,,,,,,,,,,,,,,,,,,,,,,,,,,
,,,,World Population Prospects 2024,,,,,,,,,,,,,,,,,,,,,,,,,,,
,,,,"File POP/02-2: Male population by five-year age group, region, subregion and country, annually for 1950-2100 (thousands)",,,,,,,,,,,,,,,,,,,,,,,,,,,
,,,,"Estimates, 1950 - 2023",,,,,,,,,,,,,,,,,,,,,,,,,,,
,,,,POP/DB/WPP/Rev.2024/POP/F02-2,,,,,,,,,,,,,,,,,,,,,,,,,,,
,,,,"© July 2024 by United Nations, made available under a Creative Commons license CC BY 3.0 IGO: http://creativecommons.org/licenses/by/3.0/igo/",,,,,,,,,,,,,,,,,,,,,,,,,,,
,,,,"Suggested citation: United Nations, Department of Economic and Social Affairs, Population Division (2024).
	World Population Prospects 2024, Online Edition.",,,,,,,,,,,,,,,,,,,,,,,,,,,
,,,,,,,,,,,,,,,,,,,,,,,,,,,,,,,
,,,,,,,,,,,Male population by five-year age group (thousands),,,,,,,,,,,,,,,,,,,,
Index,Variant,"Region, subregion, country or area *",Notes,Location code,ISO3 Alpha-code,ISO2 Alpha-code,SDMX code**,Type,Parent code,Year,0-4,5-9,10-14,15-19,20-24,25-29,30-34,35-39,40-44,45-49,50-54,55-59,60-64,65-69,70-74,75-79,80-84,85-89,90-94,95-99,100+
1,Estimates,World,,900,,,1,World,0,1950,  175 212,  136 287,  131 652,  120 364,  111 117,  95 828,  80 835,  78 219,  70 931,  61 448,  50 627,  40 629,  32 912,  23 832,  15 954,  9 399,  4 326,  1 476,   332,   48,   4
2,Estimates,World,,900,,,1,World,0,1951,  182 112,  138 286,  132 557,  121 939,  112 785,  98 144,  82 604,  78 168,  71 843,  62 575,  51 816,  41 446,  33 138,  24 183,  16 075,  9 498,  4 345,  1 471,   330,   45,   4
3,Estimates,World,,900,,,1,World,0,1952,  188 559,  142 362,  132 845,  123 959,  114 048,  100 690,  84 951,  77 813,  72 694,  63 685,  53 049,  42 374,  33 361,  24 648,  16 237,  9 584,  4 385,  1 473,   327,   45,   4
4,Estimates,World,,900,,,1,World,0,1953,  195 173,  147 680,  132 706,  125 945,  115 073,  103 459,  87 678,  77 305,  73 602,  64 782,  54 345,  43 340,  33 639,  25 204,  16 467,  9 654,  4 448,  1 479,   328,   44,   4
5,Estimates,World,,900,,,1,World,0,1954,  201 218,  154 114,  132 880,  127 586,  116 128,  105 912,  90 538,  77 130,  74 453,  65 917,  55 703,  44 308,  34 067,  25 723,  16 749,  9 722,  4 509,  1 494,   331,   44,   4
6,Estimates,World,,900,,,1,World,0,1955,  206 791,  161 709,  133 540,  128 882,  117 351,  108 044,  93 134,  78 006,  74 955,  67 031,  56 938,  45 427,  34 727,  26 086,  17 057,  9 818,  4 581,  1 517,   335,   45,   4
7,Estimates,World,,900,,,1,World,0,1956,  211 831,  168 784,  135 591,  129 871,  118 919,  109 878,  95 508,  79 932,  74 983,  67 991,  58 068,  46 642,  35 555,  26 359,  17 398,  9 931,  4 656,  1 534,   337,   45,   4
8,Estimates,World,,900,,,1,World,0,1957,  216 683,  175 330,  139 708,  130 247,  120 843,  111 197,  98 004,  82 355,  74 669,  68 880,  59 205,  47 862,  36 459,  26 631,  17 815,  10 072,  4 718,  1 550,   336,   45,   4
9,Estimates,World,,900,,,1,World,0,1958,  221 085,  181 980,  145 192,  130 262,  122 753,  112 205,  100 663,  85 071,  74 175,  69 751,  60 280,  49 109,  37 361,  26 918,  18 304,  10 250,  4 773,  1 576,   338,   46,   4
10,Estimates,World,,900,,,1,World,0,1959,  223 125,  188 057,  151 673,  130 561,  124 461,  113 212,  103 040,  87 842,  73 991,  70 542,  61 306,  50 349,  38 191,  27 272,  18 701,  10 440,  4 823,  1 605,   347,   47,   4
11,Estimates,World,,900,,,1,World,0,1960,  222 582,  193 418,  159 068,  131 166,  125 841,  114 271,  105 130,  90 267,  74 835,  70 958,  62 270,  51 376,  39 103,  27 746,  18 894,  10 619,  4 874,  1 633,   358,   48,   4
12,Estimates,World,,900,,,1,World,0,1961,  221 825,  198 064,  165 845,  133 114,  126 878,  115 718,  107 006,  92 486,  76 714,  70 884,  63 089,  52 311,  40 099,  28 358,  19 041,  10 833,  4 939,  1 670,   369,   49,   4
13,Estimates,World,,900,,,1,World,0,1962,  223 936,  202 461,  172 087,  137 176,  127 315,  117 731,  108 449,  94 968,  79 106,  70 568,  63 907,  53 367,  41 151,  29 086,  19 253,  11 118,  5 027,  1 707,   381,   50,   4
14,Estimates,World,,900,,,1,World,0,1963,  230 679,  206 384,  178 437,  142 490,  127 372,  119 803,  109 526,  97 683,  81 775,  70 167,  64 830,  54 414,  42 311,  29 848,  19 508,  11 460,  5 140,  1 740,   393,   53,   4
15,Estimates,World,,900,,,1,World,0,1964,  239 468,  208 656,  184 347,  148 808,  127 655,  121 597,  110 556,  100 158,  84 525,  70 091,  65 716,  55 477,  43 507,  30 626,  19 850,  11 777,  5 283,  1 778,   408,   56,   4
16,Estimates,World,,900,,,1,World,0,1965,  247 894,  209 468,  189 902,  156 197,  128 213,  122 970,  111 685,  102 396,  87 026,  71 000,  66 260,  56 540,  44 592,  31 546,  20 326,  11 979,  5 439,  1 825,   424,   59,   5
17,Estimates,World,,900,,,1,World,0,1966,  255 988,  210 150,  194 896,  163 083,  130 118,  124 058,  113 116,  104 299,  89 266,  72 932,  66 303,  57 435,  45 565,  32 518,  20 879,  12 147,  5 605,  1 874,   439,   62,   5
18,Estimates,World,,900,,,1,World,0,1967,  261 300,  212 642,  199 499,  169 372,  134 135,  124 508,  115 012,  105 661,  91 730,  75 331,  66 008,  58 289,  46 578,  33 493,  21 482,  12 332,  5 789,  1 929,   456,   66,   5
19,Estimates,World,,900,,,1,World,0,1968,  263 495,  219 036,  203 526,  175 708,  139 385,  124 519,  116 955,  106 645,  94 393,  77 974,  65 621,  59 199,  47 564,  34 521,  22 100,  12 532,  5 988,  1 990,   470,   68,   5
20,Estimates,World,,900,,,1,World,0,1969,  265 822,  227 554,  205 909,  181 598,  145 657,  124 806,  118 675,  107 583,  96 792,  80 689,  65 576,  60 056,  48 573,  35 561,  22 726,  12 773,  6 165,  2 057,   484,   70,   5
21,Estimates,World,,900,,,1,World,0,1970,  269 120,  235 874,  206 805,  187 087,  153 045,  125 394,  120 084,  108 676,  98 944,  83 178,  66 521,  60 625,  49 574,  36 524,  23 460,  13 096,  6 295,  2 137,   503,   74,   6
22,Estimates,World,,900,,,1,World,0,1971,  272 775,  243 959,  207 525,  192 033,  159 885,  127 315,  121 163,  110 107,  100 768,  85 403,  68 450,  60 689,  50 433,  37 390,  24 255,  13 480,  6 404,  2 217,   522,   78,   6
23,Estimates,World,,900,,,1,World,0,1972,  276 500,  249 375,  210 067,  196 591,  166 075,  131 389,  121 662,  112 016,  102 126,  87 791,  70 829,  60 449,  51 286,  38 283,  25 064,  13 901,  6 522,  2 298,   537,   81,   7
24,Estimates,World,,900,,,1,World,0,1973,  279 187,  251 690,  216 461,  200 602,  172 351,  136 743,  121 820,  114 004,  103 171,  90 404,  73 470,  60 153,  52 202,  39 184,  25 916,  14 346,  6 657,  2 388,   555,   84,   7
25,Estimates,World,,900,,,1,World,0,1974,  280 382,  254 140,  224 926,  203 002,  178 224,  143 015,  122 250,  115 760,  104 160,  92 778,  76 151,  60 199,  53 086,  40 115,  26 785,  14 821,  6 817,  2 469,   575,   86,   7
26,Estimates,World,,900,,,1,World,0,1975,  280 394,  257 647,  233 215,  203 971,  183 733,  150 375,  122 976,  117 209,  105 276,  94 894,  78 561,  61 175,  53 683,  41 056,  27 584,  15 384,  7 023,  2 532,   601,   89,   8
27,Estimates,World,,900,,,1,World,0,1976,  279 767,  261 603,  241 182,  204 761,  188 702,  157 179,  124 989,  118 375,  106 773,  96 706,  80 734,  63 085,  53 841,  41 932,  28 347,  15 996,  7 259,  2 588,   626,   93,   8
28,Estimates,World,,900,,,1,World,0,1977,  279 196,  265 599,  246 440,  207 316,  193 340,  163 343,  129 120,  118 969,  108 700,  98 066,  83 055,  65 420,  53 690,  42 793,  29 145,  16 623,  7 523,  2 651,   652,   97,   9
29,Estimates,World,,900,,,1,World,0,1978,  278 811,  268 468,  248 652,  213 586,  197 464,  169 573,  134 460,  119 172,  110 677,  99 098,  85 563,  67 959,  53 481,  43 691,  29 948,  17 276,  7 814,  2 727,   683,   102,   9
30,Estimates,World,,900,,,1,World,0,1979,  279 701,  269 910,  251 095,  221 838,  200 063,  175 502,  140 669,  119 607,  112 389,  100 041,  87 820,  70 510,  53 610,  44 573,  30 791,  17 942,  8 130,  2 820,   713,   108,   10
31,Estimates,World,,900,,,1,World,0,1980,  282 450,  270 175,  254 650,  230 074,  201 299,  181 249,  148 029,  120 387,  113 814,  101 119,  89 802,  72 764,  54 562,  45 171,  31 623,  18 544,  8 489,  2 923,   736,   114,   10
32,Estimates,World,,900,,,1,World,0,1981,  286 539,  269 688,  258 631,  238 223,  202 269,  186 501,  154 935,  122 498,  115 082,  102 615,  91 557,  74 802,  56 344,  45 328,  32 363,  19 106,  8 867,  3 028,   757,   119,   11
33,Estimates,World,,900,,,1,World,0,1982,  292 119,  269 229,  262 685,  243 691,  204 871,  191 267,  161 154,  126 622,  115 820,  104 549,  92 932,  77 003,  58 517,  45 218,  33 097,  19 711,  9 255,  3 149,   782,   126,   11
34,Estimates,World,,900,,,1,World,0,1983,  298 064,  269 011,  265 613,  246 066,  211 166,  195 430,  167 423,  131 915,  116 131,  106 543,  93 996,  79 355,  60 858,  45 050,  33 868,  20 313,  9 651,  3 282,   808,   133,   12
35,Estimates,World,,900,,,1,World,0,1984,  303 206,  270 086,  267 011,  248 559,  219 459,  197 956,  173 333,  138 131,  116 658,  108 328,  94 992,  81 509,  63 193,  45 201,  34 606,  20 928,  10 039,  3 424,   837,   139,   13
36,Estimates,World,,900,,,1,World,0,1985,  308 128,  273 021,  267 250,  252 054,  227 668,  198 983,  178 940,  145 429,  117 496,  109 832,  96 125,  83 457,  65 279,  46 136,  35 120,  21 548,  10 403,  3 592,   869,   144,   13
37,Estimates,World,,900,,,1,World,0,1986,  313 235,  277 259,  266 833,  256 060,  235 603,  199 775,  184 064,  152 261,  119 608,  111 146,  97 639,  85 183,  67 189,  47 783,  35 304,  22 131,  10 763,  3 773,   900,   149,   14
38,Estimates,World,,900,,,1,World,0,1987,  318 317,  282 897,  266 433,  260 193,  240 776,  202 235,  188 715,  158 493,  123 745,  112 028,  99 592,  86 583,  69 264,  49 743,  35 294,  22 735,  11 152,  3 965,   939,   155,   16
39,Estimates,World,,900,,,1,World,0,1988,  323 265,  288 915,  266 260,  263 173,  242 890,  208 330,  192 747,  164 760,  129 015,  112 512,  101 585,  87 749,  71 506,  51 884,  35 240,  23 379,  11 548,  4 160,   984,   161,   17
40,Estimates,World,,900,,,1,World,0,1989,  328 218,  294 207,  267 334,  264 517,  245 356,  216 429,  195 207,  170 612,  135 160,  113 157,  103 388,  88 794,  73 589,  54 011,  35 479,  24 014,  11 964,  4 350,  1 033,   167,   19
41,Estimates,World,,900,,,1,World,0,1990,  332 642,  299 255,  270 187,  264 637,  249 119,  224 589,  196 318,  176 153,  142 400,  114 052,  104 974,  89 972,  75 438,  55 897,  36 377,  24 482,  12 397,  4 535,  1 089,   173,   20
42,Estimates,World,,900,,,1,World,0,1991,  334 744,  304 475,  274 430,  264 168,  253 158,  232 486,  197 251,  181 234,  149 177,  116 108,  106 310,  91 478,  77 085,  57 637,  37 829,  24 690,  12 811,  4 719,  1 150,   178,   20
43,Estimates,World,,900,,,1,World,0,1992,  334 037,  309 732,  280 233,  263 746,  257 011,  237 605,  199 730,  185 834,  155 267,  120 054,  107 140,  93 268,  78 461,  59 483,  39 504,  24 762,  13 241,  4 916,  1 217,   184,   20
44,Estimates,World,,900,,,1,World,0,1993,  332 402,  314 920,  286 481,  263 541,  259 716,  239 749,  205 823,  189 857,  161 368,  125 138,  107 600,  95 160,  79 571,  61 449,  41 316,  24 778,  13 698,  5 120,  1 283,   193,   20
45,Estimates,World,,900,,,1,World,0,1994,  330 142,  320 024,  291 959,  264 645,  260 851,  242 027,  213 754,  192 197,  166 965,  131 037,  108 147,  96 840,  80 530,  63 273,  43 115,  25 111,  14 145,  5 339,  1 348,   205,   20
46,Estimates,World,,900,,,1,World,0,1995,  327 027,  324 720,  297 268,  267 729,  260 811,  245 289,  221 452,  193 033,  172 136,  137 914,  108 864,  98 249,  81 612,  64 913,  44 709,  25 903,  14 482,  5 574,  1 412,   219,   20
47,Estimates,World,,900,,,1,World,0,1996,  324 711,  327 322,  302 828,  272 323,  260 245,  248 875,  228 867,  193 645,  176 890,  144 345,  110 745,  99 450,  83 014,  66 409,  46 192,  27 023,  14 667,  5 807,  1 477,   234,   21
48,Estimates,World,,900,,,1,World,0,1997,  323 789,  326 967,  308 237,  278 412,  259 882,  252 493,  233 646,  195 862,  181 265,  150 170,  114 518,  100 233,  84 692,  67 697,  47 768,  28 390,  14 791,  6 055,  1 550,   249,   22
49,Estimates,World,,900,,,1,World,0,1998,  323 271,  325 394,  313 337,  284 803,  259 976,  255 163,  235 611,  201 790,  185 190,  156 074,  119 429,  100 733,  86 458,  68 798,  49 468,  29 850,  14 908,  6 327,  1 632,   266,   24
50,Estimates,World,,900,,,1,World,0,1999,  323 092,  323 125,  318 336,  290 326,  261 402,  256 407,  237 867,  209 687,  187 608,  161 606,  125 218,  101 395,  88 080,  69 830,  51 085,  31 311,  15 198,  6 595,  1 721,   282,   27
51,Estimates,World,,900,,,1,World,0,2000,  323 631,  320 020,  322 928,  295 593,  264 737,  256 555,  241 232,  217 418,  188 603,  166 782,  131 997,  102 254,  89 509,  70 964,  52 587,  32 642,  15 857,  6 808,  1 815,   298,   30
52,Estimates,World,,900,,,1,World,0,2001,  324 787,  317 686,  325 393,  301 036,  269 405,  256 218,  244 969,  224 853,  189 295,  171 504,  138 293,  104 196,  90 754,  72 347,  53 980,  33 882,  16 775,  6 950,  1 910,   313,   32
53,Estimates,World,,900,,,1,World,0,2002,  326 222,  316 906,  325 031,  306 301,  275 279,  256 001,  248 659,  229 667,  191 527,  175 849,  143 980,  107 922,  91 628,  73 958,  55 203,  35 176,  17 769,  7 065,  2 010,   330,   34
54,Estimates,World,,900,,,1,World,0,2003,  327 939,  316 759,  323 588,  311 297,  281 420,  256 150,  251 322,  231 582,  197 301,  179 622,  149 640,  112 643,  92 241,  75 595,  56 274,  36 559,  18 802,  7 182,  2 115,   346,   35
55,Estimates,World,,900,,,1,World,0,2004,  329 881,  316 988,  321 466,  316 259,  286 808,  257 638,  252 654,  233 807,  204 995,  181 851,  154 912,  118 156,  93 015,  77 094,  57 299,  37 889,  19 843,  7 405,  2 227,   366,   36
56,Estimates,World,,900,,,1,World,0,2005,  331 597,  317 928,  318 513,  320 874,  291 966,  260 899,  252 878,  237 163,  212 583,  182 724,  159 871,  124 621,  93 976,  78 466,  58 418,  39 125,  20 818,  7 830,  2 323,   389,   38
57,Estimates,World,,900,,,1,World,0,2006,  333 289,  319 431,  316 372,  323 358,  297 186,  265 401,  252 605,  241 023,  220 046,  183 433,  164 429,  130 659,  95 962,  79 721,  59 731,  40 313,  21 729,  8 384,  2 389,   412,   40
58,Estimates,World,,900,,,1,World,0,2007,  335 694,  320 945,  315 686,  322 940,  302 299,  271 257,  252 553,  244 998,  225 103,  185 791,  168 700,  136 106,  99 602,  80 679,  61 226,  41 409,  22 672,  8 970,  2 452,   437,   43
59,Estimates,World,,900,,,1,World,0,2008,  338 910,  322 634,  315 534,  321 501,  307 285,  277 394,  252 757,  247 788,  227 312,  191 699,  172 456,  141 534,  104 114,  81 434,  62 722,  42 380,  23 668,  9 560,  2 523,   464,   45
60,Estimates,World,,900,,,1,World,0,2009,  342 615,  324 596,  315 759,  319 506,  312 346,  282 725,  254 149,  249 019,  229 667,  199 504,  174 699,  146 646,  109 288,  82 340,  64 082,  43 326,  24 636,  10 158,  2 636,   492,   48
61,Estimates,World,,900,,,1,World,0,2010,  346 266,  326 329,  316 650,  316 719,  317 230,  287 932,  257 329,  249 119,  232 998,  207 204,  175 677,  151 508,  115 326,  83 424,  65 364,  44 349,  25 579,  10 741,  2 830,   514,   50
62,Estimates,World,,900,,,1,World,0,2011,  349 633,  328 191,  318 060,  314 658,  320 041,  293 367,  261 812,  248 812,  236 736,  214 680,  176 543,  155 989,  120 997,  85 439,  66 579,  45 506,  26 474,  11 288,  3 069,   530,   53
63,Estimates,World,,900,,,1,World,0,2012,  352 993,  330 928,  319 550,  313 993,  319 861,  298 709,  267 692,  248 767,  240 582,  219 681,  179 036,  160 196,  126 156,  88 909,  67 590,  46 797,  27 291,  11 844,  3 303,   545,   57
64,Estimates,World,,900,,,1,World,0,2013,  355 812,  334 454,  321 294,  313 844,  318 523,  303 869,  273 922,  249 001,  243 373,  221 873,  185 016,  163 904,  131 332,  93 107,  68 497,  48 098,  28 076,  12 444,  3 537,   564,   61
65,Estimates,World,,900,,,1,World,0,2014,  357 685,  338 443,  323 356,  314 076,  316 570,  309 038,  279 360,  250 442,  244 697,  224 269,  192 822,  166 155,  136 218,  97 856,  69 531,  49 301,  28 879,  13 047,  3 784,   597,   65
66,Estimates,World,,900,,,1,World,0,2015,  358 913,  342 348,  325 198,  315 045,  313 762,  313 928,  284 606,  253 712,  244 938,  227 716,  200 451,  167 200,  140 867,  103 407,  70 654,  50 461,  29 733,  13 642,  4 030,   647,   68
67,Estimates,World,,900,,,1,World,0,2016,  359 770,  345 917,  327 087,  316 557,  311 689,  316 801,  289 988,  258 269,  244 635,  231 518,  207 754,  168 065,  145 110,  108 611,  72 538,  51 588,  30 674,  14 212,  4 267,   711,   70
68,Estimates,World,,900,,,1,World,0,2017,  359 684,  349 558,  329 804,  318 019,  311 048,  316 711,  295 292,  264 121,  244 471,  235 293,  212 587,  170 435,  149 043,  113 311,  75 666,  52 562,  31 686,  14 736,  4 508,   775,   74
69,Estimates,World,,900,,,1,World,0,2018,  358 054,  352 690,  333 304,  319 559,  310 968,  315 408,  300 535,  270 316,  244 631,  237 963,  214 724,  176 182,  152 494,  118 029,  79 413,  53 457,  32 698,  15 252,  4 767,   838,   79
70,Estimates,World,,900,,,1,World,0,2019,  355 416,  354 733,  337 344,  321 353,  311 263,  313 467,  305 766,  275 739,  246 066,  239 189,  217 129,  183 711,  154 604,  122 531,  83 643,  54 453,  33 668,  15 802,  5 039,   905,   85
71,Estimates,World,,900,,,1,World,0,2020,  351 475,  356 051,  341 429,  323 069,  312 223,  310 742,  310 592,  280 899,  249 286,  239 279,  220 438,  190 974,  155 399,  126 609,  88 352,  55 332,  34 481,  16 284,  5 266,   956,   92
72,Estimates,World,,900,,,1,World,0,2021,  346 175,  356 825,  345 230,  325 068,  313 688,  309 016,  313 330,  286 146,  253 688,  238 647,  223 864,  197 670,  155 702,  129 920,  92 382,  56 557,  35 047,  16 681,  5 429,   987,   95
73,Estimates,World,,900,,,1,World,0,2022,  340 454,  356 472,  348 944,  328 013,  315 168,  308 742,  313 254,  291 369,  259 458,  238 339,  227 377,  202 099,  157 664,  133 112,  96 091,  58 954,  35 611,  17 174,  5 595,  1 021,   98
74,Estimates,World,,900,,,1,World,0,2023,  335 562,  354 665,  351 912,  331 691,  316 739,  308 640,  312 122,  296 564,  265 663,  238 673,  230 081,  204 265,  163 247,  136 240,  100 123,  62 095,  36 341,  17 756,  5 797,  1 073,   103
2891,Estimates,Ethiopia,,231,ETH,ET,231,Country/Area,910,1950,  1 608,  1 244,  1 051,   909,   776,   659,   558,   476,   400,   329,   219,   178,   140,   103,   67,   33,   12,   3,   0,   0,   0
2892,Estimates,Ethiopia,,231,ETH,ET,231,Country/Area,910,1951,  1 590,  1 279,  1 074,   929,   793,   673,   569,   485,   407,   340,   230,   179,   141,   103,   67,   34,   12,   3,   0,   0,   0
2893,Estimates,Ethiopia,,231,ETH,ET,231,Country/Area,910,1952,  1 579,  1 315,  1 098,   949,   811,   687,   581,   493,   415,   347,   246,   178,   142,   103,   67,   34,   12,   3,   0,   0,   0
2894,Estimates,Ethiopia,,231,ETH,ET,231,Country/Area,910,1953,  1 579,  1 344,  1 123,   970,   829,   701,   593,   502,   423,   352,   264,   178,   144,   104,   67,   35,   12,   3,   0,   0,   0
2895,Estimates,Ethiopia,,231,ETH,ET,231,Country/Area,910,1954,  1 591,  1 364,  1 152,   991,   846,   715,   605,   511,   431,   357,   280,   182,   145,   105,   67,   35,   12,   3,   0,   0,   0
2896,Estimates,Ethiopia,,231,ETH,ET,231,Country/Area,910,1955,  1 623,  1 368,  1 184,  1 013,   864,   730,   618,   520,   439,   363,   292,   188,   146,   106,   68,   35,   13,   3,   0,   0,0
2897,Estimates,Ethiopia,,231,ETH,ET,231,Country/Area,910,1956,  1 672,  1 357,  1 218,  1 035,   882,   745,   631,   530,   447,   369,   302,   198,   146,   106,   68,   36,   13,   3,   0,   0,0
2898,Estimates,Ethiopia,,231,ETH,ET,231,Country/Area,910,1957,  1 706,  1 347,  1 251,  1 057,   901,   760,   643,   540,   454,   376,   308,   212,   146,   107,   68,   35,   13,   3,   0,   0,0
2899,Estimates,Ethiopia,,231,ETH,ET,231,Country/Area,910,1958,  1 725,  1 342,  1 275,  1 079,   919,   775,   654,   550,   460,   381,   311,   226,   145,   107,   67,   35,   13,   3,   0,   0,0
2900,Estimates,Ethiopia,,231,ETH,ET,231,Country/Area,910,1959,  1 768,  1 350,  1 293,  1 106,   938,   790,   666,   561,   468,   388,   315,   239,   147,   108,   67,   35,   13,   3,   0,   0,0
2901,Estimates,Ethiopia,,231,ETH,ET,231,Country/Area,910,1960,  1 836,  1 375,  1 297,  1 137,   959,   808,   681,   573,   477,   396,   320,   250,   153,   109,   68,   35,   13,   3,   0,   0,0
2902,Estimates,Ethiopia,,231,ETH,ET,231,Country/Area,910,1961,  1 914,  1 412,  1 287,  1 171,   982,   827,   696,   586,   487,   404,   327,   259,   162,   110,   69,   35,   14,   3,   0,   0,   0
2903,Estimates,Ethiopia,,231,ETH,ET,231,Country/Area,910,1962,  2 001,  1 447,  1 280,  1 205,  1 006,   848,   713,   599,   498,   412,   334,   265,   174,   110,   71,   36,   14,   3,   0,   0,   0
2904,Estimates,Ethiopia,,231,ETH,ET,231,Country/Area,910,1963,  2 088,  1 487,  1 281,  1 232,  1 032,   869,   731,   613,   510,   420,   341,   270,   187,   111,   72,   37,   14,   3,   0,   0,   0
2905,Estimates,Ethiopia,,231,ETH,ET,231,Country/Area,910,1964,  2 171,  1 541,  1 291,  1 252,  1 061,   891,   749,   628,   522,   429,   349,   275,   199,   113,   73,   37,   14,   3,   0,   0,   0
2906,Estimates,Ethiopia,,231,ETH,ET,231,Country/Area,910,1965,  2 252,  1 604,  1 316,  1 257,  1 092,   913,   768,   642,   534,   438,   356,   280,   209,   118,   74,   38,   14,   3,   0,   0,   0
2907,Estimates,Ethiopia,,231,ETH,ET,231,Country/Area,910,1966,  2 326,  1 675,  1 352,  1 248,  1 125,   936,   787,   658,   547,   448,   364,   286,   216,   125,   75,   38,   15,   3,   0,   0,   0
2908,Estimates,Ethiopia,,231,ETH,ET,231,Country/Area,910,1967,  2 402,  1 754,  1 385,  1 240,  1 158,   959,   806,   674,   560,   458,   371,   292,   221,   135,   75,   39,   15,   4,   0,   0,   0
2909,Estimates,Ethiopia,,231,ETH,ET,231,Country/Area,910,1968,  2 485,  1 835,  1 424,  1 242,  1 184,   984,   827,   691,   573,   469,   378,   299,   225,   145,   75,   40,   15,   4,   0,   0,   0
2910,Estimates,Ethiopia,,231,ETH,ET,231,Country/Area,910,1969,  2 568,  1 909,  1 475,  1 252,  1 203,  1 011,   848,   708,   586,   480,   387,   305,   229,   154,   77,   41,   15,   4,   0,   0,   0
2911,Estimates,Ethiopia,,231,ETH,ET,231,Country/Area,910,1970,  2 652,  1 979,  1 535,  1 276,  1 207,  1 041,   869,   725,   600,   492,   395,   312,   234,   162,   81,   41,   16,   4,   0,   0,   0
2912,Estimates,Ethiopia,,231,ETH,ET,231,Country/Area,910,1971,  2 738,  2 050,  1 604,  1 310,  1 197,  1 071,   889,   743,   614,   503,   404,   319,   239,   168,   86,   42,   16,   4,   0,   0,   0
2913,Estimates,Ethiopia,,231,ETH,ET,231,Country/Area,910,1972,  2 818,  2 123,  1 681,  1 342,  1 189,  1 100,   910,   760,   629,   514,   413,   325,   244,   172,   93,   42,   16,   4,   0,   0,   0
2914,Estimates,Ethiopia,,231,ETH,ET,231,Country/Area,910,1973,  2 894,  2 196,  1 758,  1 379,  1 189,  1 124,   932,   779,   644,   526,   422,   331,   250,   175,   100,   42,   17,   4,   0,   0,   0
2915,Estimates,Ethiopia,,231,ETH,ET,231,Country/Area,910,1974,  2 967,  2 266,  1 827,  1 427,  1 198,  1 141,   957,   797,   659,   537,   432,   338,   254,   177,   105,   43,   17,   4,   0,   0,0
2916,Estimates,Ethiopia,,231,ETH,ET,231,Country/Area,910,1975,  3 035,  2 334,  1 892,  1 484,  1 218,  1 141,   981,   814,   673,   548,   441,   344,   259,   180,   109,   45,   17,   4,   0,   0,0
2917,Estimates,Ethiopia,,231,ETH,ET,231,Country/Area,910,1976,  3 120,  2 403,  1 957,  1 548,  1 246,  1 127,  1 006,   831,   687,   560,   450,   350,   263,   183,   113,   47,   17,   4,   0,   0,0
2918,Estimates,Ethiopia,,231,ETH,ET,231,Country/Area,910,1977,  3 198,  2 450,  2 010,  1 608,  1 264,  1 107,  1 024,   843,   697,   568,   456,   355,   266,   185,   114,   51,   17,   4,   0,   0,0
2919,Estimates,Ethiopia,,231,ETH,ET,231,Country/Area,910,1978,  3 271,  2 485,  2 057,  1 664,  1 285,  1 094,  1 034,   853,   706,   575,   461,   359,   269,   188,   115,   54,   17,   4,   0,   0,0
2920,Estimates,Ethiopia,,231,ETH,ET,231,Country/Area,910,1979,  3 341,  2 517,  2 096,  1 709,  1 314,  1 087,  1 034,   864,   713,   581,   465,   363,   271,   189,   116,   56,   17,   4,   0,   0,0
2921,Estimates,Ethiopia,,231,ETH,ET,231,Country/Area,910,1980,  3 376,  2 529,  2 114,  1 732,  1 339,  1 083,  1 012,   868,   713,   581,   465,   363,   270,   189,   116,   58,   18,   4,   0,   0,0
2922,Estimates,Ethiopia,,231,ETH,ET,231,Country/Area,910,1981,  3 474,  2 600,  2 170,  1 787,  1 396,  1 109,   999,   890,   727,   593,   474,   370,   276,   192,   118,   60,   19,   4,   1,   0,0
2923,Estimates,Ethiopia,,231,ETH,ET,231,Country/Area,910,1982,  3 618,  2 714,  2 251,  1 869,  1 480,  1 150,  1 004,   924,   753,   614,   491,   383,   285,   199,   122,   62,   21,   4,   1,   0,   0
2924,Estimates,Ethiopia,,231,ETH,ET,231,Country/Area,910,1983,  3 699,  2 808,  2 308,  1 936,  1 554,  1 189,  1 009,   947,   773,   630,   503,   392,   292,   202,   125,   63,   22,   4,   1,   0,   0
2925,Estimates,Ethiopia,,231,ETH,ET,231,Country/Area,910,1984,  3 751,  2 901,  2 365,  2 001,  1 624,  1 242,  1 023,   964,   795,   645,   515,   400,   297,   206,   127,   64,   23,   5,   1,   0,   0
2926,Estimates,Ethiopia,,231,ETH,ET,231,Country/Area,910,1985,  3 825,  2 996,  2 432,  2 067,  1 693,  1 305,  1 054,   973,   822,   663,   528,   410,   305,   210,   130,   66,   25,   5,   1,   0,   0
2927,Estimates,Ethiopia,,231,ETH,ET,231,Country/Area,910,1986,  3 921,  3 085,  2 512,  2 131,  1 759,  1 376,  1 095,   974,   851,   681,   543,   421,   314,   217,   134,   70,   26,   5,   1,   0,   0
2928,Estimates,Ethiopia,,231,ETH,ET,231,Country/Area,910,1987,  4 080,  3 172,  2 606,  2 194,  1 831,  1 458,  1 139,   982,   884,   703,   560,   436,   326,   226,   141,   74,   28,   6,   1,   0,   0
2929,Estimates,Ethiopia,,231,ETH,ET,231,Country/Area,910,1988,  4 303,  3 257,  2 715,  2 259,  1 908,  1 546,  1 194,  1 003,   916,   729,   581,   454,   341,   237,   149,   81,   31,   6,   1,   0,   0
2930,Estimates,Ethiopia,,231,ETH,ET,231,Country/Area,910,1989,  4 533,  3 346,  2 828,  2 328,  1 980,  1 626,  1 260,  1 031,   944,   758,   601,   471,   355,   249,   158,   87,   34,   7,   1,   0,   0
2931,Estimates,Ethiopia,,231,ETH,ET,231,Country/Area,910,1990,  4 754,  3 453,  2 939,  2 403,  2 047,  1 698,  1 329,  1 069,   959,   788,   621,   487,   369,   260,   165,   92,   37,   8,   1,   0,   0
2932,Estimates,Ethiopia,,231,ETH,ET,231,Country/Area,910,1991,  4 984,  3 604,  3 054,  2 499,  2 130,  1 789,  1 425,  1 131,   975,   825,   646,   508,   387,   275,   177,   102,   41,   9,   1,   0,   0
2933,Estimates,Ethiopia,,231,ETH,ET,231,Country/Area,910,1992,  5 206,  3 792,  3 156,  2 604,  2 206,  1 878,  1 523,  1 190,   994,   862,   671,   529,   406,   289,   188,   110,   45,   10,   1,   0,   0
2934,Estimates,Ethiopia,,231,ETH,ET,231,Country/Area,910,1993,  5 410,  3 996,  3 236,  2 706,  2 261,  1 941,  1 599,  1 237,  1 012,   892,   694,   546,   419,   300,   195,   113,   49,   11,   1,   0,   0
2935,Estimates,Ethiopia,,231,ETH,ET,231,Country/Area,910,1994,  5 616,  4 209,  3 317,  2 814,  2 319,  2 000,  1 666,  1 293,  1 036,   917,   720,   563,   432,   310,   202,   116,   52,   12,   1,   0,   0
2936,Estimates,Ethiopia,,231,ETH,ET,231,Country/Area,910,1995,  5 816,  4 418,  3 416,  2 926,  2 389,  2 057,  1 725,  1 353,  1 070,   932,   748,   579,   444,   319,   207,   117,   54,   13,   1,   0,   0
2937,Estimates,Ethiopia,,231,ETH,ET,231,Country/Area,910,1996,  6 008,  4 619,  3 541,  3 030,  2 472,  2 110,  1 778,  1 413,  1 109,   938,   778,   596,   454,   326,   211,   118,   54,   14,   1,   0,   0
2938,Estimates,Ethiopia,,231,ETH,ET,231,Country/Area,910,1997,  6 189,  4 812,  3 703,  3 112,  2 559,  2 158,  1 831,  1 479,  1 145,   946,   807,   614,   467,   336,   216,   120,   55,   15,   2,   0,   0
2939,Estimates,Ethiopia,,231,ETH,ET,231,Country/Area,910,1998,  6 353,  5 006,  3 895,  3 180,  2 653,  2 203,  1 884,  1 543,  1 185,   959,   833,   633,   480,   345,   223,   123,   56,   17,   2,   0,   0
2940,Estimates,Ethiopia,,231,ETH,ET,231,Country/Area,910,1999,  6 508,  5 206,  4 098,  3 253,  2 752,  2 252,  1 932,  1 598,  1 232,   978,   854,   655,   493,   355,   229,   126,   56,   18,   2,   0,   0
2941,Estimates,Ethiopia,,231,ETH,ET,231,Country/Area,910,2000,  6 657,  5 403,  4 298,  3 342,  2 847,  2 308,  1 980,  1 650,  1 285,  1 007,   866,   679,   507,   364,   237,   130,   57,   19,   3,   0,   0
2942,Estimates,Ethiopia,,231,ETH,ET,231,Country/Area,910,2001,  6 801,  5 595,  4 493,  3 460,  2 932,  2 377,  2 028,  1 702,  1 343,  1 043,   870,   705,   522,   375,   245,   135,   59,   19,   3,   0,   0
2943,Estimates,Ethiopia,,231,ETH,ET,231,Country/Area,910,2002,  6 944,  5 780,  4 683,  3 619,  3 007,  2 458,  2 073,  1 755,  1 407,  1 077,   876,   732,   539,   386,   253,   140,   61,   20,   3,   0,   0
2944,Estimates,Ethiopia,,231,ETH,ET,231,Country/Area,910,2003,  7 085,  5 951,  4 875,  3 808,  3 073,  2 548,  2 117,  1 806,  1 468,  1 115,   889,   756,   557,   398,   261,   145,   63,   20,   4,   0,   0
2945,Estimates,Ethiopia,,231,ETH,ET,231,Country/Area,910,2004,  7 223,  6 114,  5 072,  4 008,  3 141,  2 643,  2 166,  1 855,  1 524,  1 161,   908,   776,   577,   410,   269,   150,   66,   20,   4,   0,   0
2946,Estimates,Ethiopia,,231,ETH,ET,231,Country/Area,910,2005,  7 364,  6 273,  5 267,  4 204,  3 227,  2 736,  2 222,  1 904,  1 576,  1 213,   936,   787,   599,   423,   278,   156,   68,   21,   4,   0,   0
2947,Estimates,Ethiopia,,231,ETH,ET,231,Country/Area,910,2006,  7 499,  6 428,  5 458,  4 395,  3 343,  2 820,  2 291,  1 951,  1 626,  1 269,   970,   792,   623,   437,   287,   162,   71,   22,   4,   1,   0
2948,Estimates,Ethiopia,,231,ETH,ET,231,Country/Area,910,2007,  7 620,  6 584,  5 642,  4 585,  3 499,  2 895,  2 371,  1 996,  1 678,  1 330,  1 003,   799,   648,   452,   296,   168,   74,   23,   4,   1,   0
2949,Estimates,Ethiopia,,231,ETH,ET,231,Country/Area,910,2008,  7 726,  6 739,  5 814,  4 779,  3 687,  2 961,  2 459,  2 040,  1 729,  1 391,  1 040,   812,   670,   468,   306,   174,   77,   24,   4,   1,   0
2950,Estimates,Ethiopia,,231,ETH,ET,231,Country/Area,910,2009,  7 806,  6 894,  5 980,  4 979,  3 888,  3 031,  2 553,  2 089,  1 779,  1 447,  1 086,   831,   689,   486,   316,   180,   81,   25,   5,   0,   0
2951,Estimates,Ethiopia,,231,ETH,ET,231,Country/Area,910,2010,  7 858,  7 052,  6 144,  5 179,  4 094,  3 126,  2 651,  2 149,  1 830,  1 500,  1 138,   860,   702,   506,   328,   186,   84,   26,   5,   1,   0
2952,Estimates,Ethiopia,,231,ETH,ET,231,Country/Area,910,2011,  7 899,  7 207,  6 307,  5 378,  4 301,  3 257,  2 745,  2 223,  1 882,  1 554,  1 196,   896,   709,   529,   340,   194,   88,   28,   5,   1,   0
2953,Estimates,Ethiopia,,231,ETH,ET,231,Country/Area,910,2012,  7 930,  7 346,  6 469,  5 568,  4 504,  3 427,  2 831,  2 310,  1 932,  1 610,  1 259,   930,   719,   552,   354,   202,   92,   29,   6,   1,   0
2954,Estimates,Ethiopia,,231,ETH,ET,231,Country/Area,910,2013,  7 952,  7 470,  6 630,  5 745,  4 707,  3 625,  2 907,  2 404,  1 982,  1 665,  1 321,   968,   734,   574,   368,   210,   97,   31,   6,   1,   0
2955,Estimates,Ethiopia,,231,ETH,ET,231,Country/Area,910,2014,  7 994,  7 567,  6 790,  5 914,  4 912,  3 834,  2 987,  2 505,  2 036,  1 718,  1 377,  1 014,   754,   593,   385,   219,   101,   33,   6,   1,   0
2956,Estimates,Ethiopia,,231,ETH,ET,231,Country/Area,910,2015,  8 072,  7 635,  6 952,  6 079,  5 114,  4 042,  3 086,  2 605,  2 098,  1 770,  1 431,  1 065,   782,   605,   403,   228,   106,   35,   7,   1,   0
2957,Estimates,Ethiopia,,231,ETH,ET,231,Country/Area,910,2016,  8 187,  7 688,  7 110,  6 242,  5 310,  4 245,  3 215,  2 699,  2 172,  1 822,  1 484,  1 121,   816,   613,   423,   238,   110,   37,   7,   1,   0
2958,Estimates,Ethiopia,,231,ETH,ET,231,Country/Area,910,2017,  8 345,  7 730,  7 252,  6 404,  5 498,  4 445,  3 381,  2 783,  2 257,  1 872,  1 538,  1 181,   848,   623,   443,   249,   116,   39,   8,   1,   0
2959,Estimates,Ethiopia,,231,ETH,ET,231,Country/Area,910,2018,  8 553,  7 763,  7 377,  6 564,  5 669,  4 640,  3 573,  2 856,  2 349,  1 920,  1 591,  1 239,   884,   637,   461,   260,   121,   41,   8,   1,   0
2960,Estimates,Ethiopia,,231,ETH,ET,231,Country/Area,910,2019,  8 802,  7 814,  7 476,  6 720,  5 829,  4 835,  3 772,  2 931,  2 445,  1 972,  1 642,  1 293,   927,   655,   477,   273,   127,   43,   9,   1,   0
2961,Estimates,Ethiopia,,231,ETH,ET,231,Country/Area,910,2020,  9 063,  7 899,  7 546,  6 880,  5 988,  5 030,  3 973,  3 026,  2 542,  2 032,  1 692,  1 343,   973,   680,   487,   286,   132,   45,   9,   1,   0
2962,Estimates,Ethiopia,,231,ETH,ET,231,Country/Area,910,2021,  9 313,  8 019,  7 601,  7 036,  6 144,  5 218,  4 169,  3 150,  2 630,  2 101,  1 740,  1 392,  1 023,   708,   491,   299,   138,   46,   9,   1,   0
2963,Estimates,Ethiopia,,231,ETH,ET,231,Country/Area,910,2022,  9 543,  8 180,  7 644,  7 176,  6 298,  5 393,  4 356,  3 307,  2 708,  2 181,  1 786,  1 441,  1 077,   735,   499,   313,   144,   48,   9,   1,   0
2964,Estimates,Ethiopia,,231,ETH,ET,231,Country/Area,910,2023,  9 745,  8 391,  7 679,  7 300,  6 452,  5 557,  4 545,  3 492,  2 779,  2 270,  1 833,  1 492,  1 131,   768,   512,   327,   151,   51,   10,   1,   0
3483,Estimates,Rwanda,,646,RWA,RW,646,Country/Area,910,1950,   207,   137,   121,   122,   111,   82,   53,   45,   41,   35,   32,   26,   22,   16,   7,   4,   1,   0,   0,   0,0
3484,Estimates,Rwanda,,646,RWA,RW,646,Country/Area,910,1951,   223,   143,   121,   122,   113,   88,   57,   45,   41,   36,   32,   26,   23,   17,   8,   4,   1,   0,   0,   0,0
3485,Estimates,Rwanda,,646,RWA,RW,646,Country/Area,910,1952,   238,   151,   122,   121,   116,   94,   62,   46,   42,   36,   32,   27,   22,   17,   9,   4,   2,   0,   0,   0,0
3486,Estimates,Rwanda,,646,RWA,RW,646,Country/Area,910,1953,   253,   160,   124,   120,   118,   99,   67,   47,   42,   37,   32,   28,   22,   18,   10,   4,   2,   0,   0,   0,0
3487,Estimates,Rwanda,,646,RWA,RW,646,Country/Area,910,1954,   266,   170,   128,   119,   118,   103,   73,   48,   42,   38,   32,   28,   22,   18,   11,   4,   2,   0,   0,   0,0
3488,Estimates,Rwanda,,646,RWA,RW,646,Country/Area,910,1955,   276,   184,   133,   119,   119,   107,   79,   51,   42,   39,   33,   29,   23,   19,   12,   5,   2,   0,   0,   0,0
3489,Estimates,Rwanda,,646,RWA,RW,646,Country/Area,910,1956,   284,   198,   139,   119,   118,   109,   84,   54,   43,   39,   33,   29,   23,   19,   13,   5,   2,   1,   0,   0,0
3490,Estimates,Rwanda,,646,RWA,RW,646,Country/Area,910,1957,   293,   212,   147,   120,   118,   112,   90,   59,   43,   39,   34,   29,   24,   19,   13,   6,   2,   1,   0,   0,0
3491,Estimates,Rwanda,,646,RWA,RW,646,Country/Area,910,1958,   301,   227,   155,   122,   116,   113,   95,   64,   44,   40,   34,   29,   24,   19,   13,   7,   2,   1,   0,   0,0
3492,Estimates,Rwanda,,646,RWA,RW,646,Country/Area,910,1959,   308,   239,   165,   125,   115,   114,   99,   69,   46,   40,   35,   29,   25,   19,   14,   7,   2,   1,   0,   0,0
3493,Estimates,Rwanda,,646,RWA,RW,646,Country/Area,910,1960,   316,   249,   179,   129,   114,   113,   102,   75,   48,   40,   36,   30,   25,   19,   14,   8,   2,   1,   0,   0,0
3494,Estimates,Rwanda,,646,RWA,RW,646,Country/Area,910,1961,   323,   257,   193,   135,   113,   111,   103,   80,   51,   40,   36,   30,   25,   19,   14,   8,   3,   1,   0,   0,0
3495,Estimates,Rwanda,,646,RWA,RW,646,Country/Area,910,1962,   328,   265,   206,   142,   112,   109,   104,   84,   54,   40,   36,   30,   26,   19,   14,   8,   3,   1,   0,   0,0
3496,Estimates,Rwanda,,646,RWA,RW,646,Country/Area,910,1963,   332,   272,   220,   149,   112,   105,   103,   87,   58,   40,   36,   31,   25,   20,   14,   9,   3,   1,   0,   0,0
3497,Estimates,Rwanda,,646,RWA,RW,646,Country/Area,910,1964,   335,   279,   232,   158,   113,   102,   102,   90,   63,   41,   35,   31,   25,   20,   14,   9,   4,   1,   0,   0,0
3498,Estimates,Rwanda,,646,RWA,RW,646,Country/Area,910,1965,   338,   286,   241,   172,   117,   100,   101,   92,   67,   43,   35,   32,   26,   21,   14,   9,   4,   1,   0,   0,0
3499,Estimates,Rwanda,,646,RWA,RW,646,Country/Area,910,1966,   341,   293,   249,   186,   124,   100,   100,   94,   72,   46,   36,   32,   26,   21,   14,   9,   4,   1,   0,   0,0
3500,Estimates,Rwanda,,646,RWA,RW,646,Country/Area,910,1967,   345,   299,   257,   200,   133,   102,   99,   96,   77,   50,   36,   32,   26,   21,   15,   9,   4,   1,   0,   0,   0
3501,Estimates,Rwanda,,646,RWA,RW,646,Country/Area,910,1968,   351,   304,   265,   215,   143,   105,   99,   97,   82,   54,   37,   32,   27,   21,   15,   9,   4,   1,   0,   0,   0
3502,Estimates,Rwanda,,646,RWA,RW,646,Country/Area,910,1969,   359,   307,   273,   228,   154,   109,   98,   98,   86,   59,   38,   32,   28,   21,   15,   9,   5,   1,   0,   0,   0
3503,Estimates,Rwanda,,646,RWA,RW,646,Country/Area,910,1970,   369,   310,   280,   237,   168,   115,   98,   98,   88,   64,   40,   33,   28,   21,   16,   9,   5,   1,   0,   0,   0
3504,Estimates,Rwanda,,646,RWA,RW,646,Country/Area,910,1971,   381,   313,   286,   245,   182,   121,   98,   97,   90,   69,   43,   33,   28,   22,   16,   9,   5,   2,   0,   0,   0
3505,Estimates,Rwanda,,646,RWA,RW,646,Country/Area,910,1972,   393,   316,   292,   252,   196,   130,   99,   96,   92,   74,   47,   33,   29,   22,   16,   9,   5,   2,   0,   0,0
3506,Estimates,Rwanda,,646,RWA,RW,646,Country/Area,910,1973,   406,   320,   296,   260,   209,   138,   101,   95,   93,   78,   51,   34,   29,   22,   16,   10,   5,   2,   0,   0,0
3507,Estimates,Rwanda,,646,RWA,RW,646,Country/Area,910,1974,   421,   327,   299,   267,   221,   148,   105,   94,   93,   81,   55,   35,   29,   23,   16,   10,   5,   2,   0,   0,0
3508,Estimates,Rwanda,,646,RWA,RW,646,Country/Area,910,1975,   436,   335,   302,   273,   230,   161,   109,   93,   93,   83,   60,   37,   29,   23,   16,   10,   5,   2,   0,   0,0
3509,Estimates,Rwanda,,646,RWA,RW,646,Country/Area,910,1976,   452,   344,   304,   280,   237,   175,   116,   93,   92,   85,   64,   39,   29,   24,   16,   10,   5,   2,   0,   0,0
3510,Estimates,Rwanda,,646,RWA,RW,646,Country/Area,910,1977,   470,   355,   307,   285,   243,   187,   123,   94,   91,   87,   68,   43,   29,   24,   17,   10,   5,   2,   0,   0,0
3511,Estimates,Rwanda,,646,RWA,RW,646,Country/Area,910,1978,   489,   366,   311,   289,   250,   199,   131,   95,   89,   87,   72,   46,   30,   24,   17,   10,   5,   2,   0,   0,0
3512,Estimates,Rwanda,,646,RWA,RW,646,Country/Area,910,1979,   509,   379,   318,   291,   256,   210,   140,   98,   88,   87,   75,   50,   31,   24,   17,   10,   5,   2,   0,   0,0
3513,Estimates,Rwanda,,646,RWA,RW,646,Country/Area,910,1980,   532,   392,   325,   294,   261,   217,   151,   102,   87,   87,   77,   54,   32,   24,   18,   10,   5,   2,   0,   0,0
3514,Estimates,Rwanda,,646,RWA,RW,646,Country/Area,910,1981,   556,   408,   335,   296,   267,   223,   164,   108,   87,   86,   79,   58,   34,   24,   18,   10,   5,   2,   0,   0,0
3515,Estimates,Rwanda,,646,RWA,RW,646,Country/Area,910,1982,   581,   425,   345,   299,   272,   229,   175,   115,   87,   85,   80,   62,   37,   24,   18,   11,   5,   2,   0,   0,0
3516,Estimates,Rwanda,,646,RWA,RW,646,Country/Area,910,1983,   606,   445,   357,   303,   275,   235,   187,   122,   88,   83,   80,   65,   40,   24,   18,   11,   5,   2,   0,   0,0
3517,Estimates,Rwanda,,646,RWA,RW,646,Country/Area,910,1984,   629,   467,   370,   309,   278,   241,   197,   131,   91,   81,   80,   68,   44,   25,   18,   11,   5,   2,   0,   0,0
3518,Estimates,Rwanda,,646,RWA,RW,646,Country/Area,910,1985,   650,   491,   383,   318,   281,   247,   204,   142,   95,   81,   80,   70,   47,   26,   18,   11,   5,   2,   0,   0,0
3519,Estimates,Rwanda,,646,RWA,RW,646,Country/Area,910,1986,   669,   517,   399,   327,   284,   253,   211,   154,   100,   80,   79,   71,   51,   28,   18,   11,   5,   2,   0,   0,0
3520,Estimates,Rwanda,,646,RWA,RW,646,Country/Area,910,1987,   685,   543,   417,   338,   287,   258,   217,   165,   107,   81,   77,   72,   54,   30,   18,   11,   5,   2,   0,   0,   0
3521,Estimates,Rwanda,,646,RWA,RW,646,Country/Area,910,1988,   697,   568,   437,   350,   292,   263,   223,   176,   114,   82,   76,   72,   56,   33,   18,   11,   6,   2,   0,   0,   0
3522,Estimates,Rwanda,,646,RWA,RW,646,Country/Area,910,1989,   706,   592,   459,   362,   299,   266,   229,   186,   122,   84,   74,   72,   58,   36,   18,   11,   6,   2,   0,   0,   0
3523,Estimates,Rwanda,,646,RWA,RW,646,Country/Area,910,1990,   710,   613,   482,   375,   305,   267,   233,   192,   132,   87,   73,   71,   59,   38,   19,   11,   6,   2,   0,   0,   0
3524,Estimates,Rwanda,,646,RWA,RW,646,Country/Area,910,1991,   708,   629,   505,   388,   311,   266,   236,   195,   141,   91,   71,   69,   60,   40,   20,   11,   5,   2,   0,   0,   0
3525,Estimates,Rwanda,,646,RWA,RW,646,Country/Area,910,1992,   704,   640,   528,   404,   320,   267,   238,   198,   150,   96,   71,   67,   59,   42,   21,   11,   5,   2,   0,   0,   0
3526,Estimates,Rwanda,,646,RWA,RW,646,Country/Area,910,1993,   714,   659,   560,   429,   335,   275,   244,   205,   161,   102,   72,   66,   60,   44,   23,   11,   5,   2,   0,   0,0
3527,Estimates,Rwanda,,646,RWA,RW,646,Country/Area,910,1994,   613,   581,   507,   372,   273,   216,   188,   158,   126,   81,   55,   47,   44,   33,   18,   8,   4,   1,   0,   0,   0
3528,Estimates,Rwanda,,646,RWA,RW,646,Country/Area,910,1995,   517,   509,   460,   323,   215,   161,   133,   111,   89,   61,   38,   30,   28,   22,   13,   5,   2,   1,   0,   0,   0
3529,Estimates,Rwanda,,646,RWA,RW,646,Country/Area,910,1996,   591,   587,   548,   404,   263,   193,   156,   131,   105,   76,   46,   34,   32,   26,   16,   7,   3,   1,   0,   0,   0
3530,Estimates,Rwanda,,646,RWA,RW,646,Country/Area,910,1997,   666,   660,   633,   489,   315,   226,   179,   151,   122,   91,   55,   39,   35,   29,   19,   8,   3,   1,   0,   0,   0
3531,Estimates,Rwanda,,646,RWA,RW,646,Country/Area,910,1998,   681,   658,   649,   526,   341,   241,   188,   161,   129,   99,   61,   41,   36,   31,   20,   9,   3,   1,   0,   0,   0
3532,Estimates,Rwanda,,646,RWA,RW,646,Country/Area,910,1999,   681,   623,   634,   537,   355,   249,   194,   168,   137,   105,   65,   44,   37,   33,   22,   10,   3,   1,   0,   0,   0
3533,Estimates,Rwanda,,646,RWA,RW,646,Country/Area,910,2000,   685,   593,   613,   543,   370,   257,   200,   174,   145,   110,   72,   47,   39,   34,   25,   11,   3,   1,   0,   0,   0
3534,Estimates,Rwanda,,646,RWA,RW,646,Country/Area,910,2001,   689,   576,   585,   544,   384,   264,   206,   179,   155,   116,   78,   50,   42,   36,   27,   13,   4,   1,   0,   0,   0
3535,Estimates,Rwanda,,646,RWA,RW,646,Country/Area,910,2002,   701,   575,   556,   544,   401,   271,   212,   183,   164,   123,   85,   53,   44,   37,   29,   14,   4,   1,   0,   0,   0
3536,Estimates,Rwanda,,646,RWA,RW,646,Country/Area,910,2003,   723,   587,   538,   546,   425,   282,   219,   184,   169,   131,   91,   56,   45,   37,   31,   16,   4,   1,   0,   0,   0
3537,Estimates,Rwanda,,646,RWA,RW,646,Country/Area,910,2004,   749,   602,   535,   548,   454,   300,   227,   186,   172,   138,   98,   61,   45,   38,   31,   18,   5,   1,   0,   0,   0
3538,Estimates,Rwanda,,646,RWA,RW,646,Country/Area,910,2005,   773,   615,   541,   545,   478,   323,   235,   190,   173,   145,   105,   67,   46,   38,   31,   19,   6,   1,   0,   0,   0
3539,Estimates,Rwanda,,646,RWA,RW,646,Country/Area,910,2006,   792,   633,   553,   539,   497,   349,   244,   195,   173,   152,   111,   73,   47,   39,   31,   20,   7,   1,   0,   0,   0
3540,Estimates,Rwanda,,646,RWA,RW,646,Country/Area,910,2007,   807,   656,   567,   534,   509,   379,   254,   201,   173,   157,   118,   80,   49,   40,   31,   21,   8,   2,   0,   0,   0
3541,Estimates,Rwanda,,646,RWA,RW,646,Country/Area,910,2008,   820,   682,   581,   531,   515,   408,   268,   208,   174,   160,   125,   86,   53,   40,   32,   22,   9,   2,   0,   0,   0
3542,Estimates,Rwanda,,646,RWA,RW,646,Country/Area,910,2009,   829,   709,   594,   534,   517,   434,   286,   215,   175,   162,   131,   93,   57,   41,   32,   22,   9,   2,   0,   0,   0
3543,Estimates,Rwanda,,646,RWA,RW,646,Country/Area,910,2010,   835,   735,   608,   543,   517,   455,   309,   223,   179,   163,   138,   99,   62,   42,   33,   23,   10,   2,   0,   0,   0
3544,Estimates,Rwanda,,646,RWA,RW,646,Country/Area,910,2011,   838,   758,   626,   555,   516,   470,   335,   231,   184,   163,   143,   105,   68,   43,   34,   23,   11,   3,   0,   0,   0
3545,Estimates,Rwanda,,646,RWA,RW,646,Country/Area,910,2012,   837,   779,   648,   566,   518,   480,   364,   241,   190,   162,   148,   112,   74,   45,   34,   23,   12,   3,   0,   0,   0
3546,Estimates,Rwanda,,646,RWA,RW,646,Country/Area,910,2013,   839,   797,   671,   574,   521,   486,   392,   255,   198,   164,   152,   118,   81,   48,   35,   24,   12,   4,   1,   0,   0
3547,Estimates,Rwanda,,646,RWA,RW,646,Country/Area,910,2014,   847,   809,   697,   581,   526,   489,   417,   275,   205,   167,   154,   125,   87,   52,   35,   24,   12,   4,   1,   0,   0
3548,Estimates,Rwanda,,646,RWA,RW,646,Country/Area,910,2015,   858,   814,   725,   591,   532,   492,   435,   300,   212,   173,   155,   132,   93,   57,   35,   25,   13,   4,   1,   0,   0
3549,Estimates,Rwanda,,646,RWA,RW,646,Country/Area,910,2016,   871,   814,   752,   605,   538,   495,   447,   328,   219,   179,   154,   139,   99,   63,   36,   25,   13,   5,   1,   0,   0
3550,Estimates,Rwanda,,646,RWA,RW,646,Country/Area,910,2017,   887,   814,   776,   625,   543,   498,   456,   356,   230,   186,   155,   144,   105,   69,   38,   25,   13,   5,   1,   0,   0
3551,Estimates,Rwanda,,646,RWA,RW,646,Country/Area,910,2018,   901,   818,   793,   651,   548,   501,   462,   381,   247,   191,   157,   146,   111,   75,   41,   25,   13,   5,   1,   0,   0
3552,Estimates,Rwanda,,646,RWA,RW,646,Country/Area,910,2019,   912,   828,   801,   682,   554,   506,   466,   401,   269,   196,   162,   147,   119,   80,   45,   25,   13,   5,   1,   0,   0
3553,Estimates,Rwanda,,646,RWA,RW,646,Country/Area,910,2020,   923,   841,   803,   715,   564,   510,   470,   415,   295,   200,   168,   146,   126,   84,   50,   26,   14,   5,   1,   0,   0
3554,Estimates,Rwanda,,646,RWA,RW,646,Country/Area,910,2021,   931,   857,   802,   747,   578,   514,   473,   424,   322,   207,   174,   145,   133,   89,   56,   26,   14,   5,   1,   0,   0
3555,Estimates,Rwanda,,646,RWA,RW,646,Country/Area,910,2022,   939,   873,   803,   772,   601,   519,   478,   432,   348,   218,   180,   145,   136,   94,   61,   28,   14,   5,   1,   0,   0
3556,Estimates,Rwanda,,646,RWA,RW,646,Country/Area,910,2023,   948,   888,   810,   788,   632,   526,   484,   441,   369,   236,   183,   148,   136,   99,   64,   31,   14,   6,   1,   0,   0
8515,Estimates,Bangladesh,,50,BGD,BD,50,Country/Area,5501,1950,  3 428,  2 796,  2 475,  2 172,  1 857,  1 620,  1 412,  1 232,  1 076,   904,   713,   566,   410,   331,   278,   177,   58,   10,   1,   0,   0
8516,Estimates,Bangladesh,,50,BGD,BD,50,Country/Area,5501,1951,  3 469,  2 856,  2 522,  2 225,  1 906,  1 656,  1 442,  1 257,  1 099,   929,   736,   581,   418,   321,   266,   171,   60,   11,   1,   0,   0
8517,Estimates,Bangladesh,,50,BGD,BD,50,Country/Area,5501,1952,  3 531,  2 914,  2 569,  2 277,  1 960,  1 692,  1 475,  1 283,  1 121,   954,   761,   594,   430,   315,   253,   166,   62,   10,   1,   0,   0
8518,Estimates,Bangladesh,,50,BGD,BD,50,Country/Area,5501,1953,  3 627,  2 952,  2 616,  2 327,  2 013,  1 726,  1 506,  1 309,  1 142,   977,   788,   607,   446,   311,   242,   161,   64,   10,   1,   0,   0
8519,Estimates,Bangladesh,,50,BGD,BD,50,Country/Area,5501,1954,  3 763,  2 968,  2 668,  2 376,  2 065,  1 763,  1 537,  1 336,  1 163,   999,   814,   623,   461,   311,   233,   156,   65,   11,   1,   0,0
8520,Estimates,Bangladesh,,50,BGD,BD,50,Country/Area,5501,1955,  3 909,  2 993,  2 726,  2 423,  2 116,  1 804,  1 569,  1 363,  1 185,  1 021,   839,   641,   476,   316,   227,   151,   64,   12,   1,   0,0
8521,Estimates,Bangladesh,,50,BGD,BD,50,Country/Area,5501,1956,  4 050,  3 042,  2 787,  2 470,  2 166,  1 849,  1 602,  1 392,  1 208,  1 043,   864,   663,   491,   324,   223,   146,   64,   13,   1,   0,0
8522,Estimates,Bangladesh,,50,BGD,BD,50,Country/Area,5501,1957,  4 197,  3 109,  2 845,  2 516,  2 217,  1 899,  1 634,  1 422,  1 233,  1 064,   887,   687,   504,   335,   220,   141,   63,   14,   1,   0,0
8523,Estimates,Bangladesh,,50,BGD,BD,50,Country/Area,5501,1958,  4 348,  3 209,  2 884,  2 562,  2 263,  1 948,  1 665,  1 451,  1 257,  1 084,   909,   712,   516,   349,   219,   137,   62,   15,   1,   0,0
8524,Estimates,Bangladesh,,50,BGD,BD,50,Country/Area,5501,1959,  4 506,  3 348,  2 901,  2 614,  2 310,  1 998,  1 700,  1 481,  1 283,  1 104,   931,   737,   531,   363,   221,   133,   62,   15,   1,   0,0
8525,Estimates,Bangladesh,,50,BGD,BD,50,Country/Area,5501,1960,  4 671,  3 495,  2 928,  2 674,  2 361,  2 051,  1 743,  1 514,  1 311,  1 126,   953,   762,   549,   377,   226,   131,   61,   15,   1,   0,   0
8526,Estimates,Bangladesh,,50,BGD,BD,50,Country/Area,5501,1961,  4 845,  3 638,  2 977,  2 738,  2 413,  2 106,  1 792,  1 550,  1 340,  1 150,   975,   786,   570,   390,   233,   130,   60,   16,   1,   0,   0
8527,Estimates,Bangladesh,,50,BGD,BD,50,Country/Area,5501,1962,  5 027,  3 787,  3 045,  2 799,  2 466,  2 163,  1 846,  1 586,  1 372,  1 176,   997,   810,   593,   402,   244,   130,   59,   16,   2,   0,   0
8528,Estimates,Bangladesh,,50,BGD,BD,50,Country/Area,5501,1963,  5 208,  3 941,  3 146,  2 841,  2 520,  2 219,  1 904,  1 623,  1 405,  1 202,  1 018,   833,   617,   415,   256,   131,   58,   16,   2,   0,   0
8529,Estimates,Bangladesh,,50,BGD,BD,50,Country/Area,5501,1964,  5 383,  4 099,  3 284,  2 860,  2 577,  2 274,  1 961,  1 663,  1 439,  1 230,  1 040,   855,   641,   429,   268,   134,   58,   17,   2,   0,   0
8530,Estimates,Bangladesh,,50,BGD,BD,50,Country/Area,5501,1965,  5 547,  4 263,  3 430,  2 889,  2 641,  2 329,  2 017,  1 709,  1 473,  1 258,  1 062,   877,   665,   446,   279,   138,   58,   17,   2,   0,   0
8531,Estimates,Bangladesh,,50,BGD,BD,50,Country/Area,5501,1966,  5 702,  4 434,  3 572,  2 939,  2 705,  2 382,  2 073,  1 758,  1 509,  1 288,  1 086,   899,   688,   464,   291,   144,   58,   17,   2,   0,   0
8532,Estimates,Bangladesh,,50,BGD,BD,50,Country/Area,5501,1967,  5 858,  4 613,  3 720,  3 006,  2 766,  2 434,  2 128,  1 811,  1 544,  1 319,  1 111,   920,   711,   485,   302,   152,   59,   17,   2,   0,   0
8533,Estimates,Bangladesh,,50,BGD,BD,50,Country/Area,5501,1968,  6 017,  4 791,  3 874,  3 106,  2 806,  2 486,  2 183,  1 867,  1 580,  1 351,  1 137,   941,   733,   507,   313,   162,   61,   17,   3,   0,   0
8534,Estimates,Bangladesh,,50,BGD,BD,50,Country/Area,5501,1969,  6 180,  4 963,  4 031,  3 239,  2 818,  2 535,  2 232,  1 920,  1 618,  1 383,  1 163,   962,   754,   530,   326,   171,   63,   18,   3,   0,   0
8535,Estimates,Bangladesh,,50,BGD,BD,50,Country/Area,5501,1970,  6 323,  5 109,  4 188,  3 377,  2 835,  2 585,  2 275,  1 968,  1 657,  1 413,  1 189,   983,   775,   550,   340,   180,   66,   18,   3,   0,   0
8536,Estimates,Bangladesh,,50,BGD,BD,50,Country/Area,5501,1971,  6 378,  5 220,  4 340,  3 488,  2 830,  2 594,  2 285,  1 986,  1 675,  1 421,  1 194,   983,   775,   553,   342,   182,   67,   16,   2,   0,   0
8537,Estimates,Bangladesh,,50,BGD,BD,50,Country/Area,5501,1972,  6 483,  5 333,  4 500,  3 607,  2 839,  2 590,  2 285,  2 000,  1 695,  1 428,  1 200,   985,   775,   556,   346,   185,   68,   15,   2,   0,   0
8538,Estimates,Bangladesh,,50,BGD,BD,50,Country/Area,5501,1973,  6 707,  5 463,  4 669,  3 762,  2 930,  2 611,  2 319,  2 042,  1 741,  1 460,  1 229,  1 010,   796,   577,   365,   193,   75,   17,   2,   0,   0
8539,Estimates,Bangladesh,,50,BGD,BD,50,Country/Area,5501,1974,  6 939,  5 586,  4 831,  3 920,  3 061,  2 612,  2 354,  2 083,  1 787,  1 494,  1 258,  1 036,   816,   598,   384,   202,   81,   18,   2,   0,   0
8540,Estimates,Bangladesh,,50,BGD,BD,50,Country/Area,5501,1975,  7 176,  5 705,  4 949,  4 050,  3 195,  2 626,  2 394,  2 118,  1 825,  1 525,  1 283,  1 060,   838,   619,   404,   213,   88,   20,   2,   0,   0
8541,Estimates,Bangladesh,,50,BGD,BD,50,Country/Area,5501,1976,  7 409,  5 834,  5 031,  4 152,  3 323,  2 675,  2 444,  2 154,  1 861,  1 556,  1 305,  1 082,   861,   641,   424,   226,   94,   23,   3,   0,0
8542,Estimates,Bangladesh,,50,BGD,BD,50,Country/Area,5501,1977,  7 603,  6 003,  5 116,  4 244,  3 444,  2 742,  2 493,  2 189,  1 896,  1 589,  1 325,  1 105,   884,   662,   444,   240,   100,   26,   3,   0,0
8543,Estimates,Bangladesh,,50,BGD,BD,50,Country/Area,5501,1978,  7 764,  6 209,  5 205,  4 325,  3 557,  2 841,  2 526,  2 224,  1 931,  1 623,  1 345,  1 126,   908,   682,   463,   255,   106,   29,   4,   0,   0
8544,Estimates,Bangladesh,,50,BGD,BD,50,Country/Area,5501,1979,  7 920,  6 430,  5 300,  4 395,  3 659,  2 974,  2 541,  2 263,  1 965,  1 655,  1 367,  1 146,   930,   702,   482,   270,   112,   32,   4,   0,   0
8545,Estimates,Bangladesh,,50,BGD,BD,50,Country/Area,5501,1980,  8 075,  6 663,  5 403,  4 457,  3 752,  3 110,  2 567,  2 307,  1 998,  1 686,  1 390,  1 166,   951,   723,   500,   285,   119,   35,   5,   0,   0
8546,Estimates,Bangladesh,,50,BGD,BD,50,Country/Area,5501,1981,  8 231,  6 893,  5 551,  4 547,  3 850,  3 235,  2 616,  2 359,  2 036,  1 722,  1 420,  1 187,   971,   742,   518,   299,   126,   37,   5,   0,   0
8547,Estimates,Bangladesh,,50,BGD,BD,50,Country/Area,5501,1982,  8 387,  7 090,  5 756,  4 676,  3 955,  3 356,  2 689,  2 418,  2 084,  1 768,  1 459,  1 209,   992,   762,   534,   312,   134,   39,   6,   0,   0
8548,Estimates,Bangladesh,,50,BGD,BD,50,Country/Area,5501,1983,  8 528,  7 257,  5 974,  4 808,  4 057,  3 473,  2 796,  2 466,  2 140,  1 821,  1 503,  1 234,  1 011,   781,   549,   324,   141,   41,   6,   0,   0
8549,Estimates,Bangladesh,,50,BGD,BD,50,Country/Area,5501,1984,  8 645,  7 421,  6 189,  4 937,  4 156,  3 582,  2 936,  2 496,  2 201,  1 875,  1 547,  1 260,  1 031,   798,   563,   336,   148,   43,   7,   0,   0
8550,Estimates,Bangladesh,,50,BGD,BD,50,Country/Area,5501,1985,  8 738,  7 584,  6 400,  5 061,  4 249,  3 688,  3 079,  2 536,  2 267,  1 930,  1 591,  1 290,  1 050,   814,   577,   346,   154,   45,   7,   0,   0
8551,Estimates,Bangladesh,,50,BGD,BD,50,Country/Area,5501,1986,  8 804,  7 746,  6 596,  5 183,  4 341,  3 791,  3 212,  2 599,  2 337,  1 986,  1 635,  1 322,  1 069,   829,   590,   355,   160,   47,   8,   0,   0
8552,Estimates,Bangladesh,,50,BGD,BD,50,Country/Area,5501,1987,  8 840,  7 908,  6 755,  5 324,  4 438,  3 894,  3 340,  2 680,  2 406,  2 043,  1 683,  1 357,  1 087,   843,   602,   363,   164,   48,   8,   0,   0
8553,Estimates,Bangladesh,,50,BGD,BD,50,Country/Area,5501,1988,  8 854,  8 057,  6 887,  5 481,  4 538,  3 993,  3 462,  2 792,  2 460,  2 102,  1 732,  1 394,  1 105,   856,   613,   369,   168,   50,   8,   1,   0
8554,Estimates,Bangladesh,,50,BGD,BD,50,Country/Area,5501,1989,  8 857,  8 184,  7 022,  5 643,  4 637,  4 087,  3 576,  2 935,  2 496,  2 165,  1 783,  1 431,  1 125,   868,   623,   375,   171,   51,   8,   1,   0
8555,Estimates,Bangladesh,,50,BGD,BD,50,Country/Area,5501,1990,  8 850,  8 292,  7 167,  5 811,  4 736,  4 177,  3 684,  3 081,  2 541,  2 233,  1 835,  1 467,  1 147,   880,   631,   379,   172,   51,   8,   1,   0
8556,Estimates,Bangladesh,,50,BGD,BD,50,Country/Area,5501,1991,  8 807,  8 368,  7 341,  5 998,  4 846,  4 263,  3 787,  3 212,  2 602,  2 301,  1 888,  1 505,  1 170,   890,   637,   383,   173,   51,   8,   1,   0
8557,Estimates,Bangladesh,,50,BGD,BD,50,Country/Area,5501,1992,  8 740,  8 418,  7 544,  6 188,  4 994,  4 356,  3 884,  3 330,  2 671,  2 361,  1 938,  1 544,  1 196,   900,   643,   386,   173,   51,   8,   1,   0
8558,Estimates,Bangladesh,,50,BGD,BD,50,Country/Area,5501,1993,  8 676,  8 454,  7 731,  6 366,  5 173,  4 458,  3 978,  3 439,  2 762,  2 398,  1 986,  1 584,  1 224,   911,   649,   389,   173,   51,   8,   0,   0
8559,Estimates,Bangladesh,,50,BGD,BD,50,Country/Area,5501,1994,  8 618,  8 479,  7 893,  6 560,  5 367,  4 563,  4 067,  3 542,  2 885,  2 416,  2 038,  1 626,  1 252,   924,   654,   391,   173,   51,   8,   0,   0
8560,Estimates,Bangladesh,,50,BGD,BD,50,Country/Area,5501,1995,  8 571,  8 493,  8 027,  6 771,  5 577,  4 672,  4 152,  3 641,  3 012,  2 443,  2 094,  1 669,  1 280,   939,   660,   393,   173,   50,   8,   0,   0
8561,Estimates,Bangladesh,,50,BGD,BD,50,Country/Area,5501,1996,  8 553,  8 483,  8 120,  6 984,  5 790,  4 791,  4 239,  3 738,  3 129,  2 488,  2 150,  1 713,  1 310,   956,   667,   396,   174,   50,   7,   0,   0
8562,Estimates,Bangladesh,,50,BGD,BD,50,Country/Area,5501,1997,  8 601,  8 448,  8 174,  7 191,  5 982,  4 943,  4 333,  3 834,  3 242,  2 550,  2 203,  1 757,  1 343,   977,   675,   399,   175,   50,   7,   0,   0
8563,Estimates,Bangladesh,,50,BGD,BD,50,Country/Area,5501,1998,  8 713,  8 403,  8 204,  7 374,  6 161,  5 123,  4 435,  3 927,  3 350,  2 640,  2 240,  1 802,  1 379,  1 000,   684,   404,   176,   50,   7,   0,   0
8564,Estimates,Bangladesh,,50,BGD,BD,50,Country/Area,5501,1999,  8 849,  8 363,  8 224,  7 524,  6 351,  5 318,  4 542,  4 016,  3 451,  2 760,  2 258,  1 851,  1 418,  1 025,   695,   409,   179,   50,   8,   0,   0
8565,Estimates,Bangladesh,,50,BGD,BD,50,Country/Area,5501,2000,  8 999,  8 330,  8 208,  7 618,  6 545,  5 530,  4 656,  4 102,  3 547,  2 880,  2 281,  1 903,  1 459,  1 052,   710,   417,   182,   51,   8,   0,   0
8566,Estimates,Bangladesh,,50,BGD,BD,50,Country/Area,5501,2001,  9 154,  8 323,  8 206,  7 679,  6 702,  5 694,  4 742,  4 165,  3 629,  2 986,  2 321,  1 953,  1 498,  1 079,   725,   424,   186,   52,   7,   0,   0
8567,Estimates,Bangladesh,,50,BGD,BD,50,Country/Area,5501,2002,  9 265,  8 378,  8 235,  7 741,  6 822,  5 778,  4 812,  4 208,  3 697,  3 084,  2 376,  2 001,  1 536,  1 107,   743,   432,   190,   53,   7,   0,   0
8568,Estimates,Bangladesh,,50,BGD,BD,50,Country/Area,5501,2003,  9 316,  8 494,  8 240,  7 795,  6 927,  5 840,  4 897,  4 249,  3 754,  3 173,  2 457,  2 032,  1 575,  1 138,   762,   441,   194,   54,   6,   0,   0
8569,Estimates,Bangladesh,,50,BGD,BD,50,Country/Area,5501,2004,  9 318,  8 632,  8 235,  7 852,  7 008,  5 903,  4 982,  4 282,  3 800,  3 252,  2 563,  2 047,  1 617,  1 171,   783,   451,   200,   56,   6,   0,0
8570,Estimates,Bangladesh,,50,BGD,BD,50,Country/Area,5501,2005,  9 270,  8 782,  8 223,  7 908,  7 070,  5 973,  5 069,  4 309,  3 835,  3 322,  2 671,  2 067,  1 662,  1 204,   803,   463,   206,   58,   6,   0,0
8571,Estimates,Bangladesh,,50,BGD,BD,50,Country/Area,5501,2006,  9 173,  8 938,  8 223,  7 949,  7 113,  6 049,  5 147,  4 335,  3 863,  3 385,  2 767,  2 105,  1 708,  1 238,   825,   476,   213,   61,   7,   0,   0
8572,Estimates,Bangladesh,,50,BGD,BD,50,Country/Area,5501,2007,  9 045,  9 055,  8 277,  7 966,  7 140,  6 127,  5 196,  4 380,  3 890,  3 442,  2 856,  2 155,  1 751,  1 273,   849,   491,   220,   63,   7,   0,   0
8573,Estimates,Bangladesh,,50,BGD,BD,50,Country/Area,5501,2008,  8 898,  9 112,  8 392,  7 961,  7 165,  6 194,  5 227,  4 443,  3 917,  3 490,  2 937,  2 229,  1 779,  1 309,   875,   507,   228,   67,   7,   0,   0
8574,Estimates,Bangladesh,,50,BGD,BD,50,Country/Area,5501,2009,  8 731,  9 121,  8 530,  7 950,  7 201,  6 248,  5 267,  4 511,  3 940,  3 530,  3 009,  2 327,  1 791,  1 347,   903,   523,   237,   70,   8,   0,   0
8575,Estimates,Bangladesh,,50,BGD,BD,50,Country/Area,5501,2010,  8 546,  9 080,  8 680,  7 936,  7 246,  6 294,  5 322,  4 587,  3 961,  3 561,  3 075,  2 426,  1 809,  1 389,   932,   540,   246,   74,   9,   0,   0
8576,Estimates,Bangladesh,,50,BGD,BD,50,Country/Area,5501,2011,  8 354,  8 992,  8 839,  7 945,  7 300,  6 347,  5 404,  4 669,  3 990,  3 592,  3 138,  2 517,  1 844,  1 434,   965,   560,   258,   79,   10,   0,   0
8577,Estimates,Bangladesh,,50,BGD,BD,50,Country/Area,5501,2012,  8 170,  8 876,  8 961,  8 017,  7 350,  6 407,  5 507,  4 736,  4 048,  3 627,  3 198,  2 603,  1 892,  1 480,  1 001,   583,   272,   86,   13,   0,   0
8578,Estimates,Bangladesh,,50,BGD,BD,50,Country/Area,5501,2013,  8 018,  8 741,  9 022,  8 145,  7 378,  6 470,  5 605,  4 788,  4 126,  3 664,  3 252,  2 682,  1 961,  1 513,  1 039,   609,   287,   92,   15,   0,   0
8579,Estimates,Bangladesh,,50,BGD,BD,50,Country/Area,5501,2014,  7 910,  8 585,  9 036,  8 289,  7 393,  6 541,  5 688,  4 851,  4 209,  3 698,  3 297,  2 753,  2 052,  1 531,  1 081,   637,   303,   100,   18,   1,   0
8580,Estimates,Bangladesh,,50,BGD,BD,50,Country/Area,5501,2015,  7 855,  8 412,  8 999,  8 442,  7 397,  6 615,  5 761,  4 927,  4 298,  3 729,  3 334,  2 819,  2 145,  1 555,  1 127,   666,   320,   108,   20,   1,   0
8581,Estimates,Bangladesh,,50,BGD,BD,50,Country/Area,5501,2016,  7 858,  8 227,  8 914,  8 599,  7 409,  6 677,  5 822,  5 015,  4 385,  3 762,  3 367,  2 882,  2 232,  1 593,  1 174,   698,   338,   117,   23,   2,   0
8582,Estimates,Bangladesh,,50,BGD,BD,50,Country/Area,5501,2017,  7 920,  8 124,  8 786,  8 602,  7 459,  6 692,  5 938,  5 161,  4 456,  3 820,  3 397,  2 935,  2 322,  1 646,  1 220,   732,   359,   127,   26,   2,   0
8583,Estimates,Bangladesh,,50,BGD,BD,50,Country/Area,5501,2018,  8 007,  8 127,  8 678,  8 449,  7 513,  6 666,  6 081,  5 370,  4 533,  3 898,  3 427,  2 975,  2 407,  1 724,  1 256,   769,   382,   138,   29,   3,   0
8584,Estimates,Bangladesh,,50,BGD,BD,50,Country/Area,5501,2019,  8 085,  8 154,  8 644,  8 315,  7 498,  6 655,  6 139,  5 600,  4 649,  3 975,  3 461,  3 005,  2 474,  1 825,  1 279,   809,   407,   150,   33,   3,   0
8585,Estimates,Bangladesh,,50,BGD,BD,50,Country/Area,5501,2020,  8 167,  8 180,  8 664,  8 253,  7 396,  6 679,  6 099,  5 835,  4 806,  4 053,  3 501,  3 031,  2 524,  1 917,  1 299,   845,   429,   161,   37,   4,   0
8586,Estimates,Bangladesh,,50,BGD,BD,50,Country/Area,5501,2021,  8 253,  8 187,  8 717,  8 285,  7 232,  6 724,  5 984,  6 035,  5 006,  4 131,  3 551,  3 056,  2 557,  1 991,  1 323,   875,   447,   172,   42,   5,   0
8587,Estimates,Bangladesh,,50,BGD,BD,50,Country/Area,5501,2022,  8 350,  8 145,  8 703,  8 405,  7 180,  6 778,  5 916,  6 110,  5 221,  4 230,  3 612,  3 099,  2 596,  2 064,  1 369,   913,   472,   185,   47,   6,   0
8588,Estimates,Bangladesh,,50,BGD,BD,50,Country/Area,5501,2023,  8 451,  8 090,  8 594,  8 536,  7 295,  6 805,  5 964,  6 051,  5 428,  4 357,  3 683,  3 162,  2 651,  2 135,  1 442,   949,   505,   202,   53,   6,   0
9773,Estimates,Thailand,,764,THA,TH,764,Country/Area,920,1950,  1 707,  1 380,  1 286,  1 104,   956,   760,   630,   555,   474,   396,   319,   232,   168,   131,   77,   49,   19,   8,   3,   1,   0
9774,Estimates,Thailand,,764,THA,TH,764,Country/Area,920,1951,  1 788,  1 406,  1 303,  1 134,   983,   790,   645,   564,   483,   405,   329,   241,   171,   132,   79,   48,   20,   8,   3,   1,   0
9775,Estimates,Thailand,,764,THA,TH,764,Country/Area,920,1952,  1 874,  1 440,  1 314,  1 169,  1 005,   824,   662,   571,   493,   413,   337,   251,   175,   132,   83,   46,   21,   7,   2,   0,   0
9776,Estimates,Thailand,,764,THA,TH,764,Country/Area,920,1953,  1 966,  1 479,  1 322,  1 205,  1 024,   858,   681,   579,   504,   422,   344,   261,   180,   130,   88,   45,   22,   6,   2,   0,   0
9777,Estimates,Thailand,,764,THA,TH,764,Country/Area,920,1954,  2 060,  1 526,  1 334,  1 235,  1 045,   890,   703,   587,   513,   430,   352,   271,   187,   130,   91,   45,   23,   6,   2,   0,   0
9778,Estimates,Thailand,,764,THA,TH,764,Country/Area,920,1955,  2 143,  1 590,  1 354,  1 258,  1 069,   919,   728,   599,   522,   439,   360,   280,   194,   131,   92,   45,   22,   6,   2,   0,   0
9779,Estimates,Thailand,,764,THA,TH,764,Country/Area,920,1956,  2 215,  1 669,  1 380,  1 275,  1 097,   944,   756,   612,   529,   448,   367,   288,   202,   134,   93,   47,   22,   7,   2,   0,   0
9780,Estimates,Thailand,,764,THA,TH,764,Country/Area,920,1957,  2 287,  1 753,  1 413,  1 286,  1 131,   964,   787,   628,   536,   457,   375,   296,   210,   137,   92,   50,   21,   7,   1,   0,   0
9781,Estimates,Thailand,,764,THA,TH,764,Country/Area,920,1958,  2 357,  1 844,  1 452,  1 293,  1 165,   981,   820,   646,   543,   467,   383,   303,   219,   141,   92,   52,   21,   7,   1,   0,   0
9782,Estimates,Thailand,,764,THA,TH,764,Country/Area,920,1959,  2 426,  1 937,  1 498,  1 305,  1 194,  1 001,   850,   667,   551,   475,   391,   309,   227,   146,   91,   54,   21,   7,   1,   0,   0
9783,Estimates,Thailand,,764,THA,TH,764,Country/Area,920,1960,  2 496,  2 020,  1 561,  1 325,  1 218,  1 026,   879,   691,   563,   484,   398,   316,   235,   152,   92,   55,   21,   7,   1,   0,   0
9784,Estimates,Thailand,,764,THA,TH,764,Country/Area,920,1961,  2 568,  2 092,  1 639,  1 353,  1 238,  1 057,   905,   719,   576,   491,   406,   322,   242,   158,   94,   55,   22,   7,   1,   0,   0
9785,Estimates,Thailand,,764,THA,TH,764,Country/Area,920,1962,  2 643,  2 162,  1 721,  1 387,  1 253,  1 094,   928,   752,   592,   497,   413,   328,   247,   165,   97,   55,   23,   7,   2,   0,   0
9786,Estimates,Thailand,,764,THA,TH,764,Country/Area,920,1963,  2 720,  2 231,  1 810,  1 427,  1 265,  1 133,   950,   786,   611,   503,   421,   334,   252,   172,   100,   55,   25,   7,   2,   0,   0
9787,Estimates,Thailand,,764,THA,TH,764,Country/Area,920,1964,  2 798,  2 301,  1 901,  1 473,  1 280,  1 167,   974,   818,   632,   511,   428,   340,   257,   178,   104,   55,   26,   7,   2,   0,   0
9788,Estimates,Thailand,,764,THA,TH,764,Country/Area,920,1965,  2 875,  2 372,  1 981,  1 536,  1 302,  1 194,  1 001,   847,   657,   523,   435,   346,   263,   184,   108,   56,   26,   7,   2,   0,   0
9789,Estimates,Thailand,,764,THA,TH,764,Country/Area,920,1966,  2 948,  2 446,  2 052,  1 613,  1 330,  1 215,  1 032,   874,   684,   536,   442,   353,   268,   189,   112,   57,   26,   8,   2,   0,   0
9790,Estimates,Thailand,,764,THA,TH,764,Country/Area,920,1967,  3 014,  2 523,  2 122,  1 694,  1 364,  1 230,  1 068,   896,   715,   552,   448,   360,   273,   194,   117,   59,   26,   8,   2,   0,   0
9791,Estimates,Thailand,,764,THA,TH,764,Country/Area,920,1968,  3 071,  2 602,  2 192,  1 782,  1 402,  1 242,  1 107,   917,   748,   570,   454,   367,   279,   199,   123,   61,   27,   9,   2,   0,   0
9792,Estimates,Thailand,,764,THA,TH,764,Country/Area,920,1969,  3 112,  2 683,  2 262,  1 872,  1 448,  1 257,  1 140,   941,   779,   591,   463,   374,   285,   204,   129,   64,   27,   9,   2,   0,   0
9793,Estimates,Thailand,,764,THA,TH,764,Country/Area,920,1970,  3 136,  2 763,  2 334,  1 953,  1 511,  1 280,  1 168,   968,   808,   615,   474,   380,   291,   210,   134,   68,   28,   10,   2,   0,   0
9794,Estimates,Thailand,,764,THA,TH,764,Country/Area,920,1971,  3 146,  2 840,  2 409,  2 025,  1 589,  1 310,  1 191,  1 001,   835,   642,   488,   387,   298,   216,   139,   72,   30,   10,   2,   0,   0
9795,Estimates,Thailand,,764,THA,TH,764,Country/Area,920,1972,  3 147,  2 911,  2 486,  2 096,  1 673,  1 347,  1 210,  1 039,   858,   673,   504,   394,   305,   222,   145,   77,   31,   11,   2,   0,   0
9796,Estimates,Thailand,,764,THA,TH,764,Country/Area,920,1973,  3 142,  2 972,  2 567,  2 167,  1 763,  1 390,  1 226,  1 080,   881,   706,   522,   401,   313,   228,   150,   81,   34,   11,   3,   0,   0
9797,Estimates,Thailand,,764,THA,TH,764,Country/Area,920,1974,  3 131,  3 019,  2 649,  2 239,  1 856,  1 440,  1 246,  1 117,   906,   737,   544,   411,   321,   234,   155,   86,   36,   12,   3,   0,   0
9798,Estimates,Thailand,,764,THA,TH,764,Country/Area,920,1975,  3 119,  3 050,  2 730,  2 311,  1 938,  1 505,  1 271,  1 146,   935,   766,   568,   423,   328,   241,   160,   91,   38,   12,   3,   1,   0
9799,Estimates,Thailand,,764,THA,TH,764,Country/Area,920,1976,  3 102,  3 065,  2 808,  2 385,  2 008,  1 582,  1 301,  1 170,   967,   792,   595,   437,   335,   247,   166,   95,   41,   13,   3,   1,   0
9800,Estimates,Thailand,,764,THA,TH,764,Country/Area,920,1977,  3 074,  3 072,  2 879,  2 463,  2 078,  1 665,  1 338,  1 188,  1 005,   815,   624,   453,   342,   254,   171,   99,   44,   14,   4,   1,   0
9801,Estimates,Thailand,,764,THA,TH,764,Country/Area,920,1978,  3 037,  3 072,  2 942,  2 544,  2 149,  1 754,  1 381,  1 206,  1 046,   838,   656,   472,   350,   261,   176,   103,   47,   15,   4,   1,   0
9802,Estimates,Thailand,,764,THA,TH,764,Country/Area,920,1979,  2 999,  3 066,  2 991,  2 627,  2 220,  1 844,  1 430,  1 226,  1 082,   862,   686,   492,   360,   268,   181,   107,   50,   16,   4,   1,   0
9803,Estimates,Thailand,,764,THA,TH,764,Country/Area,920,1980,  2 968,  3 058,  3 022,  2 709,  2 292,  1 925,  1 495,  1 252,  1 112,   890,   713,   515,   371,   275,   187,   111,   53,   18,   4,   1,   0
9804,Estimates,Thailand,,764,THA,TH,764,Country/Area,920,1981,  2 943,  3 047,  3 039,  2 787,  2 367,  1 996,  1 572,  1 283,  1 136,   922,   737,   540,   384,   282,   193,   115,   55,   19,   5,   1,   0
9805,Estimates,Thailand,,764,THA,TH,764,Country/Area,920,1982,  2 921,  3 024,  3 048,  2 861,  2 446,  2 066,  1 654,  1 321,  1 157,   959,   760,   567,   399,   289,   199,   119,   58,   20,   5,   1,   0
9806,Estimates,Thailand,,764,THA,TH,764,Country/Area,920,1983,  2 895,  2 992,  3 051,  2 926,  2 532,  2 140,  1 745,  1 366,  1 176,  1 000,   782,   597,   416,   296,   205,   123,   61,   22,   5,   1,   0
9807,Estimates,Thailand,,764,THA,TH,764,Country/Area,920,1984,  2 862,  2 959,  3 048,  2 980,  2 622,  2 217,  1 839,  1 418,  1 200,  1 039,   807,   626,   436,   305,   211,   127,   63,   23,   6,   1,   0
9808,Estimates,Thailand,,764,THA,TH,764,Country/Area,920,1985,  2 818,  2 933,  3 043,  3 016,  2 711,  2 297,  1 925,  1 486,  1 230,  1 072,   838,   653,   458,   316,   217,   132,   66,   25,   6,   1,   0
9809,Estimates,Thailand,,764,THA,TH,764,Country/Area,920,1986,  2 773,  2 913,  3 034,  3 036,  2 796,  2 379,  2 002,  1 568,  1 266,  1 102,   872,   679,   482,   329,   224,   136,   68,   26,   7,   1,   0
9810,Estimates,Thailand,,764,THA,TH,764,Country/Area,920,1987,  2 734,  2 895,  3 014,  3 046,  2 874,  2 464,  2 077,  1 653,  1 307,  1 126,   912,   703,   509,   343,   230,   141,   71,   27,   7,   1,   0
9811,Estimates,Thailand,,764,THA,TH,764,Country/Area,920,1988,  2 705,  2 873,  2 984,  3 050,  2 942,  2 553,  2 153,  1 745,  1 353,  1 148,   955,   726,   538,   359,   237,   146,   74,   28,   7,   1,   0
9812,Estimates,Thailand,,764,THA,TH,764,Country/Area,920,1989,  2 692,  2 842,  2 952,  3 047,  2 993,  2 642,  2 228,  1 838,  1 404,  1 173,   994,   752,   565,   377,   245,   152,   77,   30,   8,   1,   0
9813,Estimates,Thailand,,764,THA,TH,764,Country/Area,920,1990,  2 688,  2 804,  2 914,  3 023,  3 012,  2 727,  2 316,  1 928,  1 476,  1 202,  1 032,   787,   594,   399,   256,   157,   80,   31,   9,   2,   0
9814,Estimates,Thailand,,764,THA,TH,764,Country/Area,920,1991,  2 683,  2 768,  2 876,  2 976,  3 003,  2 803,  2 415,  2 020,  1 568,  1 234,  1 071,   829,   625,   424,   268,   164,   84,   34,   9,   2,   0
9815,Estimates,Thailand,,764,THA,TH,764,Country/Area,920,1992,  2 677,  2 739,  2 855,  2 917,  2 978,  2 861,  2 508,  2 117,  1 667,  1 275,  1 103,   876,   655,   452,   282,   171,   88,   36,   10,   2,   0
9816,Estimates,Thailand,,764,THA,TH,764,Country/Area,920,1993,  2 674,  2 715,  2 845,  2 854,  2 938,  2 897,  2 595,  2 219,  1 771,  1 330,  1 127,   923,   688,   484,   297,   179,   92,   38,   11,   2,   0
9817,Estimates,Thailand,,764,THA,TH,764,Country/Area,920,1994,  2 670,  2 698,  2 836,  2 801,  2 891,  2 905,  2 673,  2 319,  1 874,  1 400,  1 145,   967,   724,   516,   316,   187,   97,   41,   12,   2,   0
9818,Estimates,Thailand,,764,THA,TH,764,Country/Area,920,1995,  2 659,  2 692,  2 822,  2 766,  2 839,  2 890,  2 736,  2 416,  1 972,  1 489,  1 160,  1 013,   764,   548,   338,   196,   103,   44,   13,   2,   0
9819,Estimates,Thailand,,764,THA,TH,764,Country/Area,920,1996,  2 642,  2 690,  2 803,  2 755,  2 776,  2 864,  2 776,  2 500,  2 073,  1 591,  1 182,  1 055,   806,   579,   362,   206,   109,   46,   15,   3,   0
9820,Estimates,Thailand,,764,THA,TH,764,Country/Area,920,1997,  2 619,  2 693,  2 777,  2 769,  2 711,  2 821,  2 798,  2 566,  2 181,  1 695,  1 226,  1 085,   848,   612,   392,   219,   117,   48,   17,   3,   0
9821,Estimates,Thailand,,764,THA,TH,764,Country/Area,920,1998,  2 586,  2 701,  2 748,  2 797,  2 650,  2 757,  2 798,  2 627,  2 294,  1 800,  1 295,  1 102,   891,   650,   424,   234,   125,   51,   19,   4,   0
9822,Estimates,Thailand,,764,THA,TH,764,Country/Area,920,1999,  2 544,  2 707,  2 727,  2 822,  2 605,  2 688,  2 766,  2 684,  2 404,  1 905,  1 386,  1 110,   936,   692,   459,   253,   132,   55,   21,   5,   0
9823,Estimates,Thailand,,764,THA,TH,764,Country/Area,920,2000,  2 502,  2 692,  2 710,  2 828,  2 607,  2 643,  2 735,  2 718,  2 488,  1 998,  1 487,  1 111,   982,   730,   490,   274,   139,   60,   22,   6,   1
9824,Estimates,Thailand,,764,THA,TH,764,Country/Area,920,2001,  2 463,  2 663,  2 695,  2 807,  2 659,  2 625,  2 733,  2 729,  2 533,  2 080,  1 585,  1 125,  1 014,   761,   515,   295,   146,   66,   22,   7,   1
9825,Estimates,Thailand,,764,THA,TH,764,Country/Area,920,2002,  2 426,  2 634,  2 685,  2 759,  2 722,  2 622,  2 734,  2 739,  2 560,  2 161,  1 672,  1 172,  1 025,   788,   541,   319,   155,   71,   22,   7,   1
9826,Estimates,Thailand,,764,THA,TH,764,Country/Area,920,2003,  2 394,  2 604,  2 677,  2 704,  2 769,  2 631,  2 726,  2 750,  2 593,  2 237,  1 748,  1 243,  1 025,   814,   568,   343,   166,   77,   24,   7,   1
9827,Estimates,Thailand,,764,THA,TH,764,Country/Area,920,2004,  2 371,  2 571,  2 664,  2 659,  2 781,  2 651,  2 722,  2 756,  2 631,  2 306,  1 819,  1 324,  1 026,   840,   595,   367,   179,   80,   26,   8,   1
9828,Estimates,Thailand,,764,THA,TH,764,Country/Area,920,2005,  2 349,  2 534,  2 646,  2 633,  2 760,  2 683,  2 720,  2 768,  2 664,  2 368,  1 886,  1 409,  1 033,   867,   622,   389,   193,   84,   29,   8,   1
9829,Estimates,Thailand,,764,THA,TH,764,Country/Area,920,2006,  2 319,  2 493,  2 635,  2 620,  2 714,  2 722,  2 715,  2 790,  2 690,  2 421,  1 955,  1 492,  1 056,   888,   647,   410,   209,   88,   32,   8,   1
9830,Estimates,Thailand,,764,THA,TH,764,Country/Area,920,2007,  2 285,  2 448,  2 633,  2 613,  2 656,  2 754,  2 716,  2 810,  2 719,  2 469,  2 024,  1 567,  1 103,   897,   671,   430,   226,   93,   35,   8,   2
9831,Estimates,Thailand,,764,THA,TH,764,Country/Area,920,2008,  2 247,  2 410,  2 627,  2 607,  2 598,  2 764,  2 726,  2 823,  2 750,  2 519,  2 094,  1 634,  1 168,   903,   692,   452,   244,   100,   37,   9,   2
9832,Estimates,Thailand,,764,THA,TH,764,Country/Area,920,2009,  2 210,  2 386,  2 609,  2 597,  2 558,  2 741,  2 745,  2 829,  2 786,  2 567,  2 164,  1 695,  1 239,   915,   711,   474,   261,   107,   39,   10,   2
9833,Estimates,Thailand,,764,THA,TH,764,Country/Area,920,2010,  2 175,  2 362,  2 572,  2 595,  2 546,  2 699,  2 759,  2 812,  2 813,  2 608,  2 238,  1 760,  1 313,   935,   730,   495,   276,   116,   41,   11,   2
9834,Estimates,Thailand,,764,THA,TH,764,Country/Area,920,2011,  2 147,  2 327,  2 520,  2 610,  2 557,  2 651,  2 762,  2 777,  2 824,  2 642,  2 310,  1 830,  1 386,   966,   746,   516,   291,   125,   42,   11,   2
9835,Estimates,Thailand,,764,THA,TH,764,Country/Area,920,2012,  2 126,  2 286,  2 463,  2 628,  2 572,  2 606,  2 763,  2 749,  2 824,  2 671,  2 376,  1 904,  1 457,  1 010,   760,   536,   306,   136,   44,   12,   2
9836,Estimates,Thailand,,764,THA,TH,764,Country/Area,920,2013,  2 104,  2 245,  2 416,  2 630,  2 584,  2 570,  2 753,  2 729,  2 810,  2 696,  2 433,  1 982,  1 524,  1 067,   775,   555,   323,   147,   46,   13,   2
9837,Estimates,Thailand,,764,THA,TH,764,Country/Area,920,2014,  2 076,  2 208,  2 386,  2 608,  2 590,  2 551,  2 727,  2 721,  2 785,  2 718,  2 478,  2 062,  1 587,  1 132,   792,   574,   340,   157,   50,   13,   2
9838,Estimates,Thailand,,764,THA,TH,764,Country/Area,920,2015,  2 040,  2 174,  2 360,  2 568,  2 594,  2 550,  2 686,  2 722,  2 750,  2 734,  2 515,  2 137,  1 651,  1 200,   814,   592,   358,   169,   55,   14,   2
9839,Estimates,Thailand,,764,THA,TH,764,Country/Area,920,2016,  1 994,  2 147,  2 325,  2 516,  2 610,  2 562,  2 642,  2 728,  2 717,  2 743,  2 547,  2 205,  1 718,  1 269,   844,   609,   376,   180,   61,   14,   3
9840,Estimates,Thailand,,764,THA,TH,764,Country/Area,920,2017,  1 937,  2 126,  2 284,  2 461,  2 630,  2 579,  2 599,  2 731,  2 689,  2 742,  2 573,  2 266,  1 788,  1 336,   886,   623,   394,   192,   67,   15,   3
9841,Estimates,Thailand,,764,THA,TH,764,Country/Area,920,2018,  1 874,  2 105,  2 243,  2 412,  2 629,  2 588,  2 563,  2 722,  2 670,  2 727,  2 596,  2 319,  1 861,  1 399,   938,   638,   411,   204,   73,   17,   3
9842,Estimates,Thailand,,764,THA,TH,764,Country/Area,920,2019,  1 811,  2 075,  2 205,  2 380,  2 603,  2 589,  2 541,  2 695,  2 661,  2 700,  2 614,  2 360,  1 935,  1 458,   996,   654,   427,   217,   80,   19,   3
9843,Estimates,Thailand,,764,THA,TH,764,Country/Area,920,2020,  1 750,  2 040,  2 172,  2 353,  2 561,  2 591,  2 538,  2 656,  2 663,  2 664,  2 628,  2 394,  2 004,  1 515,  1 056,   673,   442,   230,   87,   21,   3
9844,Estimates,Thailand,,764,THA,TH,764,Country/Area,920,2021,  1 693,  1 993,  2 144,  2 317,  2 506,  2 601,  2 546,  2 610,  2 668,  2 630,  2 635,  2 422,  2 067,  1 576,  1 117,   698,   455,   243,   93,   23,   4
9845,Estimates,Thailand,,764,THA,TH,764,Country/Area,920,2022,  1 642,  1 934,  2 123,  2 274,  2 446,  2 613,  2 556,  2 563,  2 666,  2 597,  2 629,  2 444,  2 124,  1 641,  1 176,   732,   465,   254,   99,   25,   4
9846,Estimates,Thailand,,764,THA,TH,764,Country/Area,920,2023,  1 598,  1 871,  2 100,  2 233,  2 397,  2 611,  2 563,  2 525,  2 652,  2 571,  2 608,  2 461,  2 173,  1 709,  1 230,   773,   474,   264,   105,   28,   4
18654,Estimates,Chile,,152,CHL,CL,152,Country/Area,931,1950,   498,   415,   378,   362,   349,   273,   221,   193,   162,   133,   110,   87,   64,   42,   28,   16,   9,   4,   2,   1,   0
18655,Estimates,Chile,,152,CHL,CL,152,Country/Area,931,1951,   515,   423,   382,   362,   353,   284,   227,   196,   166,   136,   112,   90,   66,   44,   28,   16,   8,   3,   1,   0,   0
18656,Estimates,Chile,,152,CHL,CL,152,Country/Area,931,1952,   529,   434,   388,   362,   353,   298,   232,   198,   170,   139,   114,   92,   68,   45,   28,   16,   7,   2,   1,   0,   0
18657,Estimates,Chile,,152,CHL,CL,152,Country/Area,931,1953,   541,   447,   395,   364,   351,   312,   239,   201,   173,   143,   116,   94,   70,   47,   28,   15,   6,   2,   0,   0,   0
18658,Estimates,Chile,,152,CHL,CL,152,Country/Area,931,1954,   552,   462,   402,   367,   348,   323,   248,   204,   177,   147,   118,   96,   73,   49,   29,   15,   6,   2,   0,   0,   0
18659,Estimates,Chile,,152,CHL,CL,152,Country/Area,931,1955,   563,   478,   410,   370,   347,   331,   257,   208,   180,   150,   121,   98,   75,   51,   30,   15,   6,   2,   0,   0,   0
18660,Estimates,Chile,,152,CHL,CL,152,Country/Area,931,1956,   573,   494,   419,   375,   347,   335,   269,   213,   183,   154,   124,   100,   77,   53,   31,   16,   6,   1,   0,   0,   0
18661,Estimates,Chile,,152,CHL,CL,152,Country/Area,931,1957,   585,   508,   430,   380,   348,   335,   282,   219,   186,   158,   127,   102,   79,   55,   32,   16,   6,   1,   0,   0,   0
18662,Estimates,Chile,,152,CHL,CL,152,Country/Area,931,1958,   596,   521,   443,   387,   350,   333,   296,   226,   189,   162,   131,   103,   81,   57,   34,   16,   6,   1,   0,   0,0
18663,Estimates,Chile,,152,CHL,CL,152,Country/Area,931,1959,   606,   532,   457,   395,   352,   331,   307,   234,   192,   165,   135,   106,   82,   59,   35,   17,   6,   1,   0,   0,0
18664,Estimates,Chile,,152,CHL,CL,152,Country/Area,931,1960,   616,   542,   473,   403,   356,   330,   315,   244,   196,   168,   138,   108,   84,   60,   37,   18,   6,   1,   0,   0,0
18665,Estimates,Chile,,152,CHL,CL,152,Country/Area,931,1961,   624,   552,   490,   412,   360,   329,   319,   255,   201,   171,   141,   111,   86,   62,   38,   18,   6,   1,   0,   0,0
18666,Estimates,Chile,,152,CHL,CL,152,Country/Area,931,1962,   632,   564,   504,   422,   365,   330,   319,   268,   207,   173,   145,   114,   87,   64,   40,   20,   7,   1,   0,   0,0
18667,Estimates,Chile,,152,CHL,CL,152,Country/Area,931,1963,   638,   575,   516,   435,   372,   332,   316,   281,   213,   176,   148,   118,   89,   66,   42,   21,   7,   2,   0,   0,0
18668,Estimates,Chile,,152,CHL,CL,152,Country/Area,931,1964,   644,   586,   527,   450,   379,   334,   314,   292,   221,   179,   152,   121,   91,   67,   43,   22,   8,   2,   0,   0,0
18669,Estimates,Chile,,152,CHL,CL,152,Country/Area,931,1965,   648,   597,   537,   465,   387,   337,   312,   299,   230,   183,   154,   124,   93,   68,   45,   23,   8,   2,   0,   0,0
18670,Estimates,Chile,,152,CHL,CL,152,Country/Area,931,1966,   652,   606,   548,   482,   395,   340,   312,   302,   241,   188,   157,   127,   96,   69,   46,   24,   9,   2,   0,   0,0
18671,Estimates,Chile,,152,CHL,CL,152,Country/Area,931,1967,   656,   614,   559,   496,   405,   345,   312,   302,   254,   193,   160,   130,   99,   71,   48,   26,   9,   2,   0,   0,0
18672,Estimates,Chile,,152,CHL,CL,152,Country/Area,931,1968,   658,   621,   570,   508,   417,   350,   313,   300,   266,   200,   162,   133,   102,   72,   49,   27,   10,   2,   0,   0,0
18673,Estimates,Chile,,152,CHL,CL,152,Country/Area,931,1969,   660,   627,   582,   518,   431,   357,   315,   297,   277,   208,   165,   136,   105,   74,   49,   28,   10,   2,   0,   0,0
18674,Estimates,Chile,,152,CHL,CL,152,Country/Area,931,1970,   662,   632,   592,   528,   446,   364,   317,   295,   283,   217,   169,   139,   108,   76,   50,   28,   11,   2,   0,   0,0
18675,Estimates,Chile,,152,CHL,CL,152,Country/Area,931,1971,   662,   637,   601,   539,   462,   372,   320,   295,   287,   227,   174,   142,   111,   78,   51,   29,   11,   2,   0,   0,0
18676,Estimates,Chile,,152,CHL,CL,152,Country/Area,931,1972,   662,   641,   609,   550,   477,   382,   325,   295,   287,   240,   180,   145,   114,   81,   52,   30,   11,   2,   0,   0,0
18677,Estimates,Chile,,152,CHL,CL,152,Country/Area,931,1973,   660,   645,   616,   562,   489,   395,   331,   297,   284,   252,   186,   147,   117,   84,   53,   30,   12,   2,   0,   0,0
18678,Estimates,Chile,,152,CHL,CL,152,Country/Area,931,1974,   658,   648,   622,   573,   500,   410,   338,   299,   282,   262,   194,   151,   120,   86,   55,   31,   12,   3,   0,   0,0
18679,Estimates,Chile,,152,CHL,CL,152,Country/Area,931,1975,   656,   650,   628,   584,   511,   426,   346,   302,   281,   269,   203,   155,   123,   89,   57,   31,   12,   3,   0,   0,0
18680,Estimates,Chile,,152,CHL,CL,152,Country/Area,931,1976,   654,   651,   633,   593,   522,   442,   354,   305,   281,   273,   214,   160,   126,   92,   59,   32,   13,   3,   0,   0,0
18681,Estimates,Chile,,152,CHL,CL,152,Country/Area,931,1977,   653,   651,   637,   601,   533,   457,   365,   310,   282,   273,   226,   166,   129,   95,   61,   33,   13,   3,   0,   0,0
18682,Estimates,Chile,,152,CHL,CL,152,Country/Area,931,1978,   652,   650,   641,   608,   545,   469,   378,   317,   284,   271,   239,   173,   132,   98,   64,   34,   14,   3,   0,   0,0
18683,Estimates,Chile,,152,CHL,CL,152,Country/Area,931,1979,   652,   649,   644,   615,   556,   481,   393,   324,   286,   269,   249,   180,   135,   101,   66,   35,   14,   3,   0,   0,0
18684,Estimates,Chile,,152,CHL,CL,152,Country/Area,931,1980,   653,   648,   646,   620,   567,   492,   409,   332,   289,   269,   255,   190,   139,   104,   69,   37,   15,   4,   0,   0,0
18685,Estimates,Chile,,152,CHL,CL,152,Country/Area,931,1981,   654,   646,   647,   625,   577,   503,   426,   341,   293,   269,   259,   200,   144,   107,   71,   39,   15,   4,   0,   0,0
18686,Estimates,Chile,,152,CHL,CL,152,Country/Area,931,1982,   657,   645,   647,   630,   585,   515,   441,   351,   298,   270,   259,   212,   150,   110,   74,   40,   16,   4,   0,   0,0
18687,Estimates,Chile,,152,CHL,CL,152,Country/Area,931,1983,   660,   645,   647,   634,   593,   527,   454,   365,   305,   272,   257,   224,   157,   113,   76,   42,   16,   4,   0,   0,0
18688,Estimates,Chile,,152,CHL,CL,152,Country/Area,931,1984,   665,   646,   646,   637,   600,   539,   465,   380,   312,   275,   256,   233,   165,   116,   79,   44,   17,   4,   0,   0,0
18689,Estimates,Chile,,152,CHL,CL,152,Country/Area,931,1985,   672,   647,   645,   640,   606,   550,   477,   397,   320,   278,   256,   240,   174,   120,   81,   46,   18,   4,   1,   0,0
18690,Estimates,Chile,,152,CHL,CL,152,Country/Area,931,1986,   680,   649,   644,   641,   612,   561,   489,   414,   330,   282,   257,   243,   184,   126,   84,   47,   19,   5,   1,   0,0
18691,Estimates,Chile,,152,CHL,CL,152,Country/Area,931,1987,   690,   652,   643,   642,   618,   570,   502,   430,   341,   288,   258,   244,   195,   131,   87,   49,   20,   5,   1,   0,0
18692,Estimates,Chile,,152,CHL,CL,152,Country/Area,931,1988,   701,   656,   643,   642,   623,   580,   515,   443,   355,   295,   261,   243,   207,   138,   90,   52,   21,   5,   1,   0,0
18693,Estimates,Chile,,152,CHL,CL,152,Country/Area,931,1989,   713,   661,   644,   642,   628,   588,   528,   456,   371,   303,   264,   242,   216,   146,   94,   54,   23,   6,   1,   0,0
18694,Estimates,Chile,,152,CHL,CL,152,Country/Area,931,1990,   724,   668,   645,   641,   632,   596,   541,   468,   388,   311,   268,   243,   222,   155,   98,   57,   24,   6,   1,   0,   0
18695,Estimates,Chile,,152,CHL,CL,152,Country/Area,931,1991,   734,   677,   648,   641,   635,   604,   552,   481,   406,   321,   272,   244,   226,   164,   104,   60,   26,   7,   1,   0,   0
18696,Estimates,Chile,,152,CHL,CL,152,Country/Area,931,1992,   739,   687,   651,   641,   636,   611,   563,   494,   422,   333,   278,   246,   227,   175,   109,   63,   28,   7,   1,   0,   0
18697,Estimates,Chile,,152,CHL,CL,152,Country/Area,931,1993,   740,   699,   655,   641,   638,   617,   573,   508,   436,   347,   285,   248,   226,   186,   115,   66,   30,   8,   1,   0,   0
18698,Estimates,Chile,,152,CHL,CL,152,Country/Area,931,1994,   737,   710,   660,   642,   638,   622,   582,   522,   449,   363,   293,   252,   226,   194,   123,   70,   32,   9,   1,   0,   0
18699,Estimates,Chile,,152,CHL,CL,152,Country/Area,931,1995,   731,   722,   667,   644,   638,   627,   591,   535,   462,   380,   302,   256,   227,   200,   131,   74,   34,   10,   2,   0,   0
18700,Estimates,Chile,,152,CHL,CL,152,Country/Area,931,1996,   722,   732,   676,   646,   638,   630,   599,   547,   475,   398,   312,   260,   228,   204,   139,   79,   36,   11,   2,   0,   0
18701,Estimates,Chile,,152,CHL,CL,152,Country/Area,931,1997,   712,   738,   687,   649,   638,   633,   606,   558,   488,   414,   324,   266,   230,   205,   149,   84,   38,   12,   2,   0,   0
18702,Estimates,Chile,,152,CHL,CL,152,Country/Area,931,1998,   700,   738,   698,   654,   639,   634,   613,   568,   502,   429,   338,   273,   233,   205,   159,   90,   41,   13,   2,   0,   0
18703,Estimates,Chile,,152,CHL,CL,152,Country/Area,931,1999,   687,   735,   710,   660,   641,   636,   619,   577,   516,   442,   354,   281,   236,   205,   168,   96,   44,   14,   2,   0,   0
18704,Estimates,Chile,,152,CHL,CL,152,Country/Area,931,2000,   673,   730,   721,   667,   643,   636,   624,   586,   529,   455,   371,   290,   240,   206,   173,   104,   48,   15,   3,   0,   0
18705,Estimates,Chile,,152,CHL,CL,152,Country/Area,931,2001,   659,   721,   731,   676,   646,   636,   628,   595,   541,   467,   389,   299,   245,   208,   177,   112,   52,   17,   3,   0,   0
18706,Estimates,Chile,,152,CHL,CL,152,Country/Area,931,2002,   645,   711,   737,   686,   649,   637,   630,   602,   552,   481,   405,   311,   250,   210,   178,   121,   57,   19,   4,   0,   0
18707,Estimates,Chile,,152,CHL,CL,152,Country/Area,931,2003,   632,   699,   738,   698,   654,   638,   633,   609,   563,   495,   419,   326,   257,   213,   178,   130,   62,   21,   4,   0,   0
18708,Estimates,Chile,,152,CHL,CL,152,Country/Area,931,2004,   621,   687,   735,   710,   660,   640,   634,   615,   572,   509,   433,   341,   265,   217,   179,   137,   69,   23,   5,   1,   0
18709,Estimates,Chile,,152,CHL,CL,152,Country/Area,931,2005,   611,   673,   729,   721,   667,   643,   635,   621,   581,   522,   445,   359,   273,   220,   180,   142,   75,   26,   6,   1,   0
18710,Estimates,Chile,,152,CHL,CL,152,Country/Area,931,2006,   601,   659,   721,   732,   677,   647,   636,   625,   590,   534,   458,   376,   283,   225,   182,   145,   82,   29,   7,   1,   0
18711,Estimates,Chile,,152,CHL,CL,152,Country/Area,931,2007,   596,   646,   711,   738,   688,   651,   638,   629,   598,   545,   472,   392,   295,   230,   185,   146,   89,   33,   8,   1,   0
18712,Estimates,Chile,,152,CHL,CL,152,Country/Area,931,2008,   596,   633,   700,   739,   701,   657,   640,   632,   605,   556,   485,   407,   309,   237,   188,   146,   96,   37,   9,   1,   0
18713,Estimates,Chile,,152,CHL,CL,152,Country/Area,931,2009,   600,   621,   687,   737,   714,   664,   643,   634,   612,   566,   499,   420,   325,   244,   191,   147,   102,   41,   10,   1,   0
18714,Estimates,Chile,,152,CHL,CL,152,Country/Area,931,2010,   606,   612,   673,   731,   726,   673,   647,   636,   618,   575,   512,   432,   342,   252,   195,   149,   106,   45,   11,   2,   0
18715,Estimates,Chile,,152,CHL,CL,152,Country/Area,931,2011,   612,   603,   659,   723,   738,   684,   652,   637,   623,   584,   524,   445,   359,   262,   199,   151,   108,   50,   13,   2,   0
18716,Estimates,Chile,,152,CHL,CL,152,Country/Area,931,2012,   616,   597,   646,   714,   745,   696,   657,   640,   627,   592,   535,   459,   375,   273,   204,   153,   109,   55,   15,   2,   0
18717,Estimates,Chile,,152,CHL,CL,152,Country/Area,931,2013,   617,   598,   634,   703,   747,   710,   664,   643,   631,   600,   546,   472,   389,   287,   209,   156,   110,   60,   17,   3,   0
18718,Estimates,Chile,,152,CHL,CL,152,Country/Area,931,2014,   617,   602,   623,   691,   747,   725,   673,   647,   634,   607,   556,   486,   402,   302,   216,   160,   111,   64,   19,   3,   0
18719,Estimates,Chile,,152,CHL,CL,152,Country/Area,931,2015,   615,   608,   613,   679,   744,   740,   684,   653,   637,   614,   566,   499,   415,   319,   224,   163,   113,   66,   21,   4,   0
18720,Estimates,Chile,,152,CHL,CL,152,Country/Area,931,2016,   612,   615,   605,   668,   742,   758,   700,   661,   641,   621,   576,   511,   428,   336,   233,   167,   115,   69,   24,   4,   0
18721,Estimates,Chile,,152,CHL,CL,152,Country/Area,931,2017,   607,   622,   601,   662,   746,   779,   723,   674,   648,   628,   587,   524,   442,   353,   245,   171,   118,   70,   27,   5,   1
18722,Estimates,Chile,,152,CHL,CL,152,Country/Area,931,2018,   601,   626,   604,   657,   752,   800,   751,   691,   659,   637,   598,   536,   456,   367,   259,   177,   120,   71,   30,   6,   1
18723,Estimates,Chile,,152,CHL,CL,152,Country/Area,931,2019,   591,   629,   610,   651,   753,   815,   779,   709,   669,   644,   608,   548,   470,   380,   274,   183,   123,   73,   33,   7,   1
18724,Estimates,Chile,,152,CHL,CL,152,Country/Area,931,2020,   572,   629,   616,   639,   742,   818,   800,   725,   678,   649,   616,   558,   483,   392,   289,   189,   125,   73,   34,   8,   1
18725,Estimates,Chile,,152,CHL,CL,152,Country/Area,931,2021,   544,   627,   623,   625,   724,   812,   815,   739,   685,   652,   622,   567,   493,   403,   304,   195,   126,   73,   34,   8,   1
18726,Estimates,Chile,,152,CHL,CL,152,Country/Area,931,2022,   520,   620,   629,   617,   707,   804,   827,   756,   694,   657,   627,   575,   503,   414,   318,   204,   127,   74,   34,   9,   1
18727,Estimates,Chile,,152,CHL,CL,152,Country/Area,931,2023,   499,   610,   631,   616,   690,   794,   834,   774,   704,   662,   632,   584,   513,   426,   331,   216,   131,   76,   35,   10,   1
